-- MySQL dump 10.13  Distrib 8.0.34, for Win64 (x86_64)
--
-- Host: localhost    Database: reserva1
-- ------------------------------------------------------
-- Server version	8.3.0

/*!40101 SET @OLD_CHARACTER_SET_CLIENT=@@CHARACTER_SET_CLIENT */;
/*!40101 SET @OLD_CHARACTER_SET_RESULTS=@@CHARACTER_SET_RESULTS */;
/*!40101 SET @OLD_COLLATION_CONNECTION=@@COLLATION_CONNECTION */;
/*!50503 SET NAMES utf8 */;
/*!40103 SET @OLD_TIME_ZONE=@@TIME_ZONE */;
/*!40103 SET TIME_ZONE='+00:00' */;
/*!40014 SET @OLD_UNIQUE_CHECKS=@@UNIQUE_CHECKS, UNIQUE_CHECKS=0 */;
/*!40014 SET @OLD_FOREIGN_KEY_CHECKS=@@FOREIGN_KEY_CHECKS, FOREIGN_KEY_CHECKS=0 */;
/*!40101 SET @OLD_SQL_MODE=@@SQL_MODE, SQL_MODE='NO_AUTO_VALUE_ON_ZERO' */;
/*!40111 SET @OLD_SQL_NOTES=@@SQL_NOTES, SQL_NOTES=0 */;

--
-- Table structure for table `abono`
--

DROP TABLE IF EXISTS `abono`;
/*!40101 SET @saved_cs_client     = @@character_set_client */;
/*!50503 SET character_set_client = utf8mb4 */;
CREATE TABLE `abono` (
  `idabono` int NOT NULL AUTO_INCREMENT,
  `idingreso` int NOT NULL,
  `idhabitacion` int NOT NULL,
  `idcliente` int NOT NULL,
  `fechaabono` varchar(45) NOT NULL,
  `abonohabitacion` int NOT NULL,
  `descuentos` varchar(45) NOT NULL,
  `conceptodescuento` varchar(45) NOT NULL,
  `totalabonos` int NOT NULL,
  `privilegiosadmon` varchar(45) NOT NULL,
  `privilegiosrecepcion` varchar(45) NOT NULL,
  `otroscobros` int NOT NULL,
  `numero_turno` int NOT NULL,
  `habitacion` int DEFAULT NULL,
  `cliente` varchar(255) DEFAULT NULL,
  `documento` varchar(255) DEFAULT NULL,
  `razon_social` varchar(255) DEFAULT NULL,
  `email` varchar(255) DEFAULT NULL,
  `numeronoches` int DEFAULT NULL,
  `valordescuento` int DEFAULT NULL,
  `tipocomprobante` varchar(255) DEFAULT NULL,
  `numerocomprobante` varchar(255) NOT NULL,
  `iva19` int DEFAULT NULL,
  `retencion35` int DEFAULT NULL,
  `retencion4` int DEFAULT NULL,
  `subtotal` int DEFAULT NULL,
  `efectivo` int DEFAULT NULL,
  `tarjeta` int DEFAULT NULL,
  `transferencia` int DEFAULT NULL,
  `totalapagar` int DEFAULT NULL,
  `valor_bruto` int NOT NULL,
  `antesIVA` int NOT NULL,
  `costoalojamiento` int DEFAULT NULL,
  `idinicioturno` int DEFAULT NULL,
  `idsalidaturno` int DEFAULT NULL,
  `turno` varchar(45) DEFAULT NULL,
  PRIMARY KEY (`idabono`),
  UNIQUE KEY `numerocomprobante_UNIQUE` (`numerocomprobante`),
  KEY `fk_abono_iniciotruno_idx` (`idinicioturno`),
  KEY `fk_abono_salidaturno_idx` (`idsalidaturno`),
  CONSTRAINT `fk_abono_iniciotruno` FOREIGN KEY (`idinicioturno`) REFERENCES `inicioturno` (`idinicioturno`),
  CONSTRAINT `fk_abono_salidaturno` FOREIGN KEY (`idsalidaturno`) REFERENCES `salidaturno` (`idsalidaturno`) ON DELETE CASCADE ON UPDATE CASCADE
) ENGINE=InnoDB AUTO_INCREMENT=277 DEFAULT CHARSET=utf8mb4 COLLATE=utf8mb4_0900_ai_ci;
/*!40101 SET character_set_client = @saved_cs_client */;

--
-- Dumping data for table `abono`
--

LOCK TABLES `abono` WRITE;
/*!40000 ALTER TABLE `abono` DISABLE KEYS */;
INSERT INTO `abono` VALUES (11,49,317,52,'23-08-2024',192000,'0','',228480,'0','0',0,26,22,'VIVIAN RIVERA','1140819787','VIVIAN RIVERA','nose@gamila.com',0,0,'2','1',36480,0,0,228480,228480,0,0,228480,0,0,NULL,NULL,NULL,NULL),(18,48,315,38,'27-08-2024',70000,'0','',70000,'0','0',0,27,8,'carlos  puentes diz','1047482949','carlos puentes diz','carlos@hotmail.com',1,0,'2','2',11176,0,0,70000,70000,0,0,70000,70000,58823,NULL,NULL,NULL,NULL),(19,48,315,38,'28-08-2024',420000,'30000','',420000,'0','0',0,27,8,'carlos  puentes diz','1047482949','carlos puentes diz','carlos@hotmail.com',6,5000,'2','3',67058,0,0,420000,420000,0,0,420000,390000,352941,NULL,NULL,NULL,NULL),(20,48,315,38,'28-08-2024',350000,'25000','',350000,'0','0',0,28,8,'carlos  puentes diz','1047482949','carlos puentes diz','carlos@hotmail.com',5,5000,'2','4',55882,0,0,350000,0,350000,0,350000,325000,294117,NULL,NULL,NULL,NULL),(21,57,348,54,'29-08-2024',90000,'0','',90000,'0','0',0,29,33,'JUBENCIO MOLINA RODRIGUEZ',' ',' ',' ',1,0,'2','5',14369,0,0,90000,90000,0,0,90000,90000,75630,NULL,NULL,NULL,NULL),(22,58,323,55,'29-08-2024',70000,'0','',70000,'0','0',0,29,1,'JOSE ALEJANDRO  CALDERON PINILLA ','1016032758','CALDERON PINILLA JOSE ALEJANDRO ','ALEJANDROCALDERON2121@GMAIL.COM',1,0,'2','6',11176,0,0,70000,70000,0,0,70000,70000,58823,NULL,NULL,NULL,NULL),(23,59,330,56,'29-08-2024',70000,'0','',70000,'0','0',0,29,8,'DANIEL  TABORDA MAZO ','830054581','ESTELAR EXPRESS S.A.S','medellin@estelarexpress.co',1,0,'2','7',11176,0,0,70000,70000,0,0,70000,70000,58823,NULL,NULL,NULL,NULL),(24,60,324,57,'30-08-2024',70000,'0','',70000,'0','0',0,29,2,'WILSON DE JESUS MALDONADO LOPEZ','890926257','INMEL INGENIERIA SAS','FACTURAELECTRONICA@INMEL.CO',1,0,'2','8',11176,0,0,70000,70000,0,0,70000,70000,58823,NULL,NULL,NULL,NULL),(25,61,327,58,'30-08-2024',70000,'0','',70000,'0','0',0,29,5,'JUAN GABRIEL GUZMAN','80033485','GUZMAN JUAN GABRIEL ','GUZMAN.JUAN2020@GMAIL.COM',1,0,'2','9',11176,0,0,70000,70000,0,0,70000,70000,58823,NULL,NULL,NULL,NULL),(27,63,331,61,'30-08-2024',70000,'0','',70000,'0','0',0,29,9,'JORGE LUIS HERNANDEZ VILLAMIZAR','9024613','HERNANDEZ VILLAMIZAR JORGE LUIS ','JORGEH50@HOTMAIL.COM',1,0,'2','10',11176,0,0,70000,70000,0,0,70000,70000,58823,NULL,NULL,NULL,NULL),(28,64,332,62,'30-08-2024',70000,'0','',70000,'0','0',0,29,10,'LUIS JAVIER CANO DIAS','890926257','INMEL INGENIERIA SAS','FACTURAELECTRONICA@INMEL.CO',1,0,'2','12',11176,0,0,70000,70000,0,0,70000,70000,58823,NULL,NULL,NULL,NULL),(29,65,334,63,'30-08-2024',70000,'0','',70000,'0','0',0,29,12,'MEDEDICTO SANCHEZ','890926257','INMEL INGENIERIA SAS','FACTURAELECTRONICA@INMEL.CO',1,0,'2','13',11176,0,0,70000,70000,0,0,70000,70000,58823,NULL,NULL,NULL,NULL),(30,66,335,65,'30-08-2024',70000,'0','',70000,'0','0',0,29,21,'CARLOS ANDRES ALVAREZ OBREGON','98632946','ALVAREZ OBREGON CARLOS ANDRES','CARLOS78OBREGON@HOTMAIL.COM',1,0,'2','14',11176,0,0,70000,0,0,70000,70000,70000,58823,NULL,NULL,NULL,NULL),(31,67,340,66,'30-08-2024',96000,'0','',96000,'0','0',0,29,26,'RAFAEL SEGUNDO RAMBAL GUZMAN','901198697','HG ARQUITECTURA ANEXA SAS','INFO@HGARQUITECTURAANEXA.CO',1,0,'2','15',15327,0,0,96000,96000,0,0,96000,96000,80672,NULL,NULL,NULL,NULL),(32,68,345,68,'30-08-2024',140000,'0','',140000,'0','0',0,29,211,'VICTOR JULIO FRANCO SOLANO','901198697','HG ARQUITECTURA ANEXA SAS','INFO@HGARQUITECTURAANEXA.CO',1,0,'2','16',22352,0,0,140000,140000,0,0,140000,140000,117647,NULL,NULL,NULL,NULL),(33,69,355,67,'30-08-2024',90000,'0','',90000,'0','0',0,29,310,'JOHN HAROLD HERNANDEZ JIMENEZ','900820740','TRANSPORTES DALMARU SAS ','CONTABILIDAD@GIRALDOABOGADOS.COM',1,0,'2','17',14369,0,0,90000,90000,0,0,90000,90000,75630,NULL,NULL,NULL,NULL),(34,70,325,70,'30-08-2024',70000,'0','',70000,'0','0',0,30,3,'JEAN CARLOS SOTOMAYOR MALARIAGA','1131109375','SOTOMAYOR MALARIAGA JEAN CARLOS','JCMALARIAGA@HOTMAIL.ES',1,0,'2','18',11176,0,0,70000,0,0,70000,70000,70000,58823,NULL,NULL,NULL,NULL),(35,71,336,71,'30-08-2024',96000,'5000','',91000,'0','0',0,30,22,'JAVIER ANDRES LOBO PEREZ','892300678','ETICOS SERRANO GOMEZ LTDA','RECEPCIONBARRANQUILLA@ETICOS.COM',1,5000,'2','19',15327,0,0,96000,91000,0,0,91000,91000,80672,NULL,NULL,NULL,NULL),(36,72,341,72,'30-08-2024',96000,'0','',96000,'0','0',0,30,27,'EDILBERTO ENRIQUE  REYES BERRIO','52067704','BALDION PORTELA MAGALY','MAGALLIBAL@HOTMAIL.COM',1,0,'2','20',15327,0,0,96000,96000,0,0,96000,96000,80672,NULL,NULL,NULL,NULL),(37,73,339,72,'30-08-2024',96000,'0','',96000,'0','0',0,31,25,'EDILBERTO ENRIQUE  REYES BERRIO','52067704','BALDION PORTELA MAGALY','MAGALLIBAL@HOTMAIL.COM',1,0,'1','21',15327,0,0,96000,96000,0,0,96000,96000,80672,NULL,NULL,NULL,NULL),(38,74,349,73,'30-08-2024',90000,'0','',90000,'0','0',0,31,34,'RUHT MILENES REY ACERO','45621214','REY ACERO RUTH MILENE','SARITHOBZREY@GMAIL.COM',1,0,'1','22',14369,0,0,90000,90000,0,0,90000,90000,75630,NULL,NULL,NULL,NULL),(39,75,323,74,'30-08-2024',70000,'0','',70000,'0','0',0,31,1,'JUBENCIO  MOLINA RODIGUEZ','2753697','JUBENCIO  MOLINA RODIGUEZ','JUBENCIOMOLINA@YAHOO.COM',1,0,'1','23',11176,0,0,70000,70000,0,0,70000,70000,58823,NULL,NULL,NULL,NULL),(40,76,326,75,'30-08-2024',350000,'0','',337818,'0','0',0,32,4,'ELEN MARIA GARCIA THERAN','900521357','JMV CONSTRUKTORA S.A.S','CONTABILIDAD@JMV.CO',5,0,'1','24',55882,10294,0,339706,0,0,337818,337818,350000,294117,NULL,NULL,NULL,NULL),(41,61,327,58,'30-08-2024',70000,'0','',70000,'0','0',0,32,5,'JUAN GABRIEL GUZMAN','80033485','GUZMAN JUAN GABRIEL ','GUZMAN.JUAN2020@GMAIL.COM',1,0,'1','25',11176,0,0,70000,70000,0,0,70000,70000,58823,NULL,NULL,NULL,NULL),(42,65,334,63,'30-08-2024',70000,'0','',70000,'0','0',0,32,12,'MEDEDICTO SANCHEZ','890926257','INMEL INGENIERIA SAS','FACTURAELECTRONICA@INMEL.CO',1,0,'1','26',11176,0,0,70000,70000,0,0,70000,70000,58823,NULL,NULL,NULL,NULL),(43,64,332,62,'30-08-2024',70000,'0','',70000,'0','0',0,32,10,'LUIS JAVIER CANO DIAS','','','',1,0,'1','27',11176,0,0,70000,70000,0,0,70000,70000,58823,NULL,NULL,NULL,NULL),(44,60,324,57,'30-08-2024',70000,'0','',70000,'0','0',0,32,2,'WILSON DE JESUS MALDONADO LOPEZ','','','',1,0,'1','28',11176,0,0,70000,70000,0,0,70000,70000,58823,NULL,NULL,NULL,NULL),(45,67,340,66,'30-08-2024',96000,'0','',96000,'0','0',0,32,26,'RAFAEL SEGUNDO RAMBAL GUZMAN','','','',1,0,'1','29',15327,0,0,96000,96000,0,0,96000,96000,80672,NULL,NULL,NULL,NULL),(46,68,345,68,'30-08-2024',140000,'0','',140000,'0','0',0,32,211,'VICTOR JULIO FRANCO SOLANO','901198697','HG ARQUITECTURA ANEXA SAS','INFO@HGARQUITECTURAANEXA.CO',1,0,'1','30',22352,0,0,140000,140000,0,0,140000,140000,117647,NULL,NULL,NULL,NULL),(47,66,335,65,'30-08-2024',70000,'0','',70000,'0','0',0,32,21,'CARLOS ANDRES ALVAREZ OBREGON','98632946','ALVAREZ OBREGON CARLOS ANDRES','CARLOS78OBREGON@HOTMAIL.COM',1,26000,'1','31',11176,0,0,70000,0,0,70000,70000,70000,58823,NULL,NULL,NULL,NULL),(48,70,325,70,'30-08-2024',70000,'0','',70000,'0','0',0,33,3,'JEAN CARLOS SOTOMAYOR MALARIAGA','1131109375','SOTOMAYOR MALARIAGA JEAN CARLOS','JCMALARIAGA@HOTMAIL.ES',1,0,'1','32',11176,0,0,70000,0,0,70000,70000,70000,58823,NULL,NULL,NULL,NULL),(49,71,336,71,'30-08-2024',96000,'5000','',91000,'0','0',0,33,22,'JAVIER ANDRES LOBO PEREZ','892300678','ETICOS SERRANO GOMEZ LTDA','RECEPCIONBARRANQUILLA@ETICOS.COM',1,5000,'1','33',15327,0,0,96000,0,91000,0,91000,91000,80672,NULL,NULL,NULL,NULL),(50,77,330,76,'30-08-2024',70000,'0','',70000,'0','0',0,33,8,'YONNY ANTONIO  CORDOBA BEJARANO','830054581','ESTELAR EXPRESS S.A.S','medellin@estelarexpress.co',1,0,'1','34',11176,0,0,70000,61000,9000,0,70000,70000,58823,NULL,NULL,NULL,NULL),(51,78,331,78,'30-08-2024',70000,'0','',70000,'0','0',0,33,9,'NOMAR DAVID BUENDIA','222222222','CLIENTES VARIOS','NO',1,0,'1','35',11176,0,0,70000,0,70000,0,70000,70000,58823,NULL,NULL,NULL,NULL),(52,79,350,79,'30-08-2024',180000,'0','',180000,'0','0',0,33,35,'JORGE ELECIER  GOMEZ ','','','',2,0,'1','36',28739,0,0,180000,0,180000,0,180000,180000,151260,NULL,NULL,NULL,NULL),(53,80,355,80,'31-08-2024',180000,'0','',180000,'0','0',0,34,310,'RODRIGO GARCIA BURBANO','73159647','GARCIA BURBANO RODRIGO','RODRIGOGARCIABURBANO@HOTMAIL.COM',2,0,'1','37',28739,0,0,180000,180000,0,0,180000,180000,151260,NULL,NULL,NULL,NULL),(54,73,339,72,'31-08-2024',96000,'0','',96000,'0','0',0,34,25,'EDILBERTO ENRIQUE  REYES BERRIO','52067704','BALDION PORTELA MAGALY','MAGALLIBAL@HOTMAIL.COM',1,0,'1','38',15327,0,0,96000,96000,0,0,96000,96000,80672,NULL,NULL,NULL,NULL),(55,81,334,74,'31-08-2024',140000,'0','',140000,'0','0',0,34,12,'JUBENCIO  MOLINA RODIGUEZ','2753697','JUBENCIO  MOLINA RODIGUEZ','JUBENCIOMOLINA@YAHOO.COM',2,0,'1','39',22352,0,0,140000,140000,0,0,140000,140000,117647,NULL,NULL,NULL,NULL),(56,83,348,81,'31-08-2024',90000,'0','',90000,'0','0',0,35,33,'fabian alberto	o ortega vasquez ','1047375988','fabian alberto o ortega vasquez ','fabian_st_721@hotmail.com',1,0,'1','40',14369,0,0,90000,90000,0,0,90000,90000,75630,NULL,NULL,NULL,NULL),(57,84,351,82,'31-08-2024',95000,'0','',95000,'0','0',0,35,36,'PEDRO MANUEL ORTIZ ANGULO','84043563','PEDRO MANUEL ORTIZ ANGULO','elcardonguajiro012@gmail.com',1,0,'1','41',15167,0,0,94999,0,95000,0,95000,95000,79831,NULL,NULL,NULL,NULL),(58,66,335,65,'31-08-2024',70000,'0','',70000,'0','0',0,35,21,'CARLOS ANDRES ALVAREZ OBREGON','98632946','ALVAREZ OBREGON CARLOS ANDRES','CARLOS78OBREGON@HOTMAIL.COM',1,26000,'1','42',11176,0,0,70000,0,0,70000,70000,70000,58823,NULL,NULL,NULL,NULL),(60,85,325,83,'01-09-2024',70000,'0','',70000,'0','0',0,36,3,'CARLOS ANDRES CANO ESCOBAR','71705242','CARLOS ANDRES CANO ESCOBAR','2222',1,0,'1','43',11176,0,0,70000,70000,0,0,70000,70000,58823,NULL,NULL,NULL,NULL),(61,82,324,58,'01-09-2024',140000,'0','',140000,'0','0',0,37,2,'JUAN GABRIEL GUZMAN','80033485','GUZMAN JUAN GABRIEL ','GUZMAN.JUAN2020@GMAIL.COM',2,0,'2','44',22352,0,0,140000,0,140000,0,140000,140000,117647,NULL,NULL,NULL,NULL),(62,79,350,79,'01-09-2024',90000,'0','',90000,'0','0',0,37,35,'JORGE ELECIER  GOMEZ ','','','',1,0,'2','45',14369,0,0,90000,0,90000,0,90000,90000,75630,NULL,NULL,NULL,NULL),(63,86,332,59,'01-09-2024',70000,'0','',70000,'0','0',0,38,10,'FABIAN ANDRES GOMEZ BOHORQUEZ','900041598','ECA S.A.S CONSTRUCCIONES Y SERVICIOS INTEGRALES','900041598@FACTUREINBOX.CO',1,0,'2','46',11176,0,0,70000,70000,0,0,70000,70000,58823,NULL,NULL,NULL,NULL),(64,87,331,84,'01-09-2024',70000,'0','',70000,'0','0',0,38,9,'JUAN CARLOS SILVA CIFUENTES','901367947','TG EVENTS GROUP SAS','COMERCIAL@IDEALO.COM.CO',1,0,'2','47',11176,0,0,70000,70000,0,0,70000,70000,58823,NULL,NULL,NULL,NULL),(65,88,348,85,'01-09-2024',90000,'0','',90000,'0','0',0,38,33,'JOSE BONIFACIO TENORIO CORTES','87944109','JOSE BONIFACIO TENORIO CORTES','YAFAJOJA12@GMAIL.COM',1,0,'2','48',14369,0,0,90000,90000,0,0,90000,90000,75630,NULL,NULL,NULL,NULL),(66,66,335,65,'02-09-2024',96000,'0','',96000,'0','0',0,38,21,'CARLOS ANDRES ALVAREZ OBREGON','98632946','ALVAREZ OBREGON CARLOS ANDRES','CARLOS78OBREGON@HOTMAIL.COM',1,0,'2','49',11176,0,0,96000,0,0,96000,96000,96000,58823,NULL,NULL,NULL,NULL),(67,89,325,87,'02-09-2024',350000,'25000','',325000,'0','0',0,39,3,'FILIBERTO BALDION','3043210','FILIBERTO BALDION','222222222',5,5000,'2','50',55882,0,0,325000,290000,35000,0,325000,325000,294117,NULL,NULL,NULL,NULL),(68,90,336,88,'02-09-2024',96000,'0','',96000,'0','0',0,39,22,'ALVARO  JIMENEZ','92028273','CARTAGENA','0',1,0,'2','51',15327,0,0,96000,0,0,96000,96000,96000,80672,NULL,NULL,NULL,NULL),(69,91,349,90,'02-09-2024',90000,'0','',90000,'0','0',0,40,34,'CARLOS MAURICIO GALVIS ROJAS','91264223','CARLOS MAURICIO GALVIS ROJAS','gerencianacionalmercadeo@gmail.com',1,0,'1','52',14369,0,0,90000,0,90000,0,90000,90000,75630,NULL,NULL,NULL,NULL),(71,92,331,91,'02-09-2024',70000,'0','',70000,'0','0',0,41,9,'FERNEY USUGA ORTEGA','8014135','USUGA ORTEGA FERNEY','FERNEIUSUGA@HOTMAIL.COM',1,0,'2','53',11176,0,0,70000,0,70000,0,70000,70000,58823,NULL,NULL,NULL,NULL),(72,93,327,92,'02-09-2024',70000,'0','',70000,'0','0',0,41,5,'PEDRO LUIS  PARRA ALVAREZ','14272635','PARRA ALVAREZ PEDRO LUIS','PEDROLABRUJITA@HOTMAIL.COM',1,0,'2','54',11176,0,0,70000,70000,0,0,70000,70000,58823,NULL,NULL,NULL,NULL),(73,81,334,74,'02-09-2024',70000,'0','',70000,'0','0',0,41,12,'JUBENCIO  MOLINA RODIGUEZ','2753697','JUBENCIO  MOLINA RODIGUEZ','JUBENCIOMOLINA@YAHOO.COM',1,0,'2','55',11176,0,0,70000,70000,0,0,70000,70000,58823,NULL,NULL,NULL,NULL),(74,94,326,81,'02-09-2024',70000,'0','',70000,'0','0',0,41,4,'fabian alberto	o ortega vasquez ','1047375988','fabian alberto o ortega vasquez ','fabian_st_721@hotmail.com',1,0,'Factura','56',11176,0,0,70000,70000,0,0,70000,70000,58823,NULL,NULL,NULL,NULL),(75,95,332,88,'02-09-2024',70000,'0','',70000,'0','0',0,41,10,'ALVARO  JIMENEZ','92028273','CARTAGENA','0',1,0,'Factura','57',11176,0,0,70000,70000,0,0,70000,70000,58823,NULL,NULL,NULL,NULL),(76,96,348,95,'02-09-2024',90000,'0','',90000,'0','0',0,42,33,'JESUS SEGRERA','1083011834','JESUS SEGRERA','2222222',1,0,'Factura','58',14369,0,0,90000,0,90000,0,90000,90000,75630,NULL,NULL,NULL,NULL),(77,97,336,71,'03-09-2024',96000,'5000','',91000,'0','0',0,42,22,'JAVIER ANDRES LOBO PEREZ','892300678','ETICOS SERRANO GOMEZ LTDA','RECEPCIONBARRANQUILLA@ETICOS.COM',1,5000,'Factura','59',15327,0,0,91000,91000,0,0,91000,91000,80672,NULL,NULL,NULL,NULL),(78,81,334,74,'03-09-2024',140000,'0','',140000,'0','0',0,44,12,'JUBENCIO  MOLINA RODIGUEZ','2753697','JUBENCIO  MOLINA RODIGUEZ','JUBENCIOMOLINA@YAHOO.COM',2,0,'Recibo','60',22352,0,0,140000,140000,0,0,140000,140000,117647,NULL,NULL,NULL,NULL),(79,98,323,97,'03-09-2024',70000,'0','',70000,'0','0',0,44,1,'JONATHAN  HIGUITA GIRALDO','830054581','ESTELAR EXPRESS S.A.S','medellin@estelarexpress.co',1,0,'Recibo','61',11176,0,0,70000,70000,0,0,70000,70000,58823,NULL,NULL,NULL,NULL),(80,100,324,99,'03-09-2024',70000,'0','',70000,'0','0',0,44,2,'HORACIO MANUEL GUERRA CARABALLO',' ',' ',' ',1,0,'Recibo','62',11176,0,0,70000,70000,0,0,70000,70000,58823,NULL,NULL,NULL,NULL),(81,92,331,91,'03-09-2024',70000,'0','',70000,'0','0',0,44,9,'FERNEY USUGA ORTEGA','8014135','USUGA ORTEGA FERNEY','FERNEIUSUGA@HOTMAIL.COM',1,0,'Recibo','63',11176,0,0,70000,0,70000,0,70000,70000,58823,NULL,NULL,NULL,NULL),(82,101,339,101,'03-09-2024',96000,'0','',96000,'0','0',0,44,25,'LUIS CARLOS DIAZ PARDO ','900870105','AK SEGURIDAD ELECTRONICA S.AS','AKSEGURIDADELECTRONICA@GMAIL.COM',1,0,'Recibo','64',15327,0,0,96000,96000,0,0,96000,96000,80672,NULL,NULL,NULL,NULL),(83,103,348,102,'03-09-2024',90000,'0','',90000,'0','0',0,44,33,'DIEGO ADOLFO TERTUA','104277202','DIEGO ADOLFO TERTUA','2222',1,0,'Recibo','65',14369,0,0,90000,90000,0,0,90000,90000,75630,NULL,NULL,NULL,NULL),(84,104,332,106,'03-09-2024',70000,'0','',70000,'0','0',0,45,10,'JUAN CARLOS PRADA MORALES','91508048','JUAN CARLOS PRADA MORALES','2222',1,0,'Factura','66',11176,0,0,70000,70000,0,0,70000,70000,58823,NULL,NULL,NULL,NULL),(85,105,345,108,'03-09-2024',140000,'0','',140000,'0','0',0,45,211,'EDUARDO ALVARADO QUESADA','9143691','EDUARDO  ALVARADO','0',1,0,'Factura','67',22352,0,0,140000,140000,0,0,140000,140000,117647,NULL,NULL,NULL,NULL),(88,106,341,109,'03-09-2024',70000,'0','',70000,'0','0',0,45,27,'JORGE LOPEZ','7369135','JORGE LOPEZ','22',1,0,'Factura','68',11176,0,0,70000,0,70000,0,70000,70000,58823,NULL,NULL,NULL,NULL),(89,108,335,112,'03-09-2024',96000,'0','',96000,'0','0',0,45,21,'JHON JAIRO MURRILLO','900825389','PANIFICADORA MIPAN COLOMBIA S. A. S.','PAN@GMAIL.COM',1,0,'Factura','69',15327,0,0,96000,96000,0,0,96000,96000,80672,NULL,NULL,NULL,NULL),(275,200,344,179,'12-11-2024',70000,'0','',70000,'0','0',0,89,210,'MAURICIO  RAEL ',' ',' ',' ',1,0,'Factura','70',11176,0,0,70000,0,70000,0,70000,70000,58823,70000,161,NULL,'turno'),(276,247,332,47,'12-11-2024',96000,'0','',96000,'0','0',0,90,10,'ARMANDO DE JESUS MERCADO YEPEZ','72229162','ARMANDO DE JESUS MERCADO YEPEZ','gbbghyh.com',1,0,'Factura','71',15327,0,0,96000,96000,0,0,96000,96000,80672,96000,162,NULL,'Turno 2 12/11/2024');
/*!40000 ALTER TABLE `abono` ENABLE KEYS */;
UNLOCK TABLES;

--
-- Table structure for table `abonocongelado`
--

DROP TABLE IF EXISTS `abonocongelado`;
/*!40101 SET @saved_cs_client     = @@character_set_client */;
/*!50503 SET character_set_client = utf8mb4 */;
CREATE TABLE `abonocongelado` (
  `idabonoCongelado` int NOT NULL AUTO_INCREMENT,
  `idabono` int NOT NULL,
  `idcliente` int NOT NULL,
  `habitacion` int NOT NULL,
  `cliente` varchar(255) NOT NULL,
  `documento` int NOT NULL,
  `fechaabono` varchar(45) NOT NULL,
  `fechacongelado` varchar(45) NOT NULL,
  `abonohabitacion` int NOT NULL,
  `descuentos` int NOT NULL,
  `numeronoches` int NOT NULL,
  `nochesusadas` int NOT NULL,
  `valorcongelado` int NOT NULL,
  `estado` varchar(45) NOT NULL,
  PRIMARY KEY (`idabonoCongelado`)
) ENGINE=InnoDB AUTO_INCREMENT=9 DEFAULT CHARSET=utf8mb4 COLLATE=utf8mb4_0900_ai_ci;
/*!40101 SET character_set_client = @saved_cs_client */;

--
-- Dumping data for table `abonocongelado`
--

LOCK TABLES `abonocongelado` WRITE;
/*!40000 ALTER TABLE `abonocongelado` DISABLE KEYS */;
INSERT INTO `abonocongelado` VALUES (4,253,178,36,'KAREN SILVERA',34343,'17-09-2024','23-09-2024',190000,0,2,1,95000,'Seleccionar'),(5,256,200,310,'FABIAN HUMBERTO SALAMANCA JIMENEZ',1049626361,'17-09-2024','27-09-2024',90000,0,3,2,90000,'Seleccionar'),(6,262,49,36,'JHON LUNA',8788345,'24-09-2024','03-10-2024',285000,0,3,2,95000,'Usado'),(7,262,49,36,'JHON LUNA',8788345,'24-09-2024','03-10-2024',285000,0,3,2,95000,'Usado'),(8,262,49,36,'JHON LUNA',8788345,'24-09-2024','03-10-2024',285000,0,3,2,95000,'Usado');
/*!40000 ALTER TABLE `abonocongelado` ENABLE KEYS */;
UNLOCK TABLES;

--
-- Table structure for table `acompañantes`
--

DROP TABLE IF EXISTS `acompañantes`;
/*!40101 SET @saved_cs_client     = @@character_set_client */;
/*!50503 SET character_set_client = utf8mb4 */;
CREATE TABLE `acompañantes` (
  `idacompañante` int NOT NULL AUTO_INCREMENT,
  `idcliente` int DEFAULT NULL,
  `nombre_apellido` varchar(45) DEFAULT NULL,
  `tipo_documento` varchar(45) DEFAULT NULL,
  `documento` int DEFAULT NULL,
  `parentesco` varchar(45) DEFAULT NULL,
  `num_habitacion` int DEFAULT NULL,
  `checkin` date DEFAULT NULL,
  `num_huesped_principal` int DEFAULT NULL,
  `ciudad_de_residencia` varchar(100) DEFAULT NULL,
  `ciudad_de_procedencia` varchar(100) DEFAULT NULL,
  `estado` varchar(10) DEFAULT NULL,
  PRIMARY KEY (`idacompañante`)
) ENGINE=InnoDB AUTO_INCREMENT=49 DEFAULT CHARSET=utf8mb4 COLLATE=utf8mb4_0900_ai_ci;
/*!40101 SET character_set_client = @saved_cs_client */;

--
-- Dumping data for table `acompañantes`
--

LOCK TABLES `acompañantes` WRITE;
/*!40000 ALTER TABLE `acompañantes` DISABLE KEYS */;
INSERT INTO `acompañantes` VALUES (20,38,'alexander romero','Cedula de ciudadania',1143,'Compeñero de Trabajo',2,'2024-08-10',1047482849,'cart','cart','Finalizado'),(21,38,'jesus','Cedula de ciudadania',112356,'Familiar',0,'2024-08-13',1047482849,'cartag','cRTAG','Finalizado'),(22,47,'jesu','Cedula de ciudadania',123456,'Compeñero de Trabajo',1,'2024-08-13',72229162,'c','c','Finalizado'),(23,47,'djdjbdc','Cedula de ciudadania',234,'Padre',1,'2024-08-14',72229162,'wdsd','sdsd','Finalizado'),(24,72,'ARIEL SARMIENTO GUTIERREZ','Cedula de ciudadania',1044607462,'Hijo/a',25,'2024-08-30',72244728,' Barranquilla - Atlántico ',' Barranquilla - Atlántico ','Activo'),(25,73,'SARITH MILENES CABEZAS REY','Cedula de ciudadania',1049023652,'Hijo/a',34,'2024-08-30',45621214,' Santa Rosa Del Sur - Bolívar ',' Santa Rosa Del Sur - Bolívar ','Activo'),(26,81,'DEICY CARO CANTILLO','Cedula de ciudadania',104737598,'Esposo/a',33,'2024-08-31',1047375988,' Cartagena De Indias - Bolívar ',' Cartagena De Indias - Bolívar ','Activo'),(27,82,'charli moreno','Cedula de ciudadania',1143327895,'Esposo/a',36,'2024-08-31',84043563,' Cartagena De Indias - Bolívar ',' Cartagena De Indias - Bolívar ','Activo'),(28,101,'1104417026','Cedula de ciudadania',1104417026,'Compeñero de Trabajo',25,'2024-09-03',1140840308,' Algeciras - Huila ',' Acevedo - Huila ','Activo'),(29,101,'1104417026','Cedula de ciudadania',1104417026,'Compeñero de Trabajo',25,'2024-09-03',1140840308,' Algeciras - Huila ',' Acevedo - Huila ','Activo'),(30,112,'STEVEN ARRIOLA','Cedula de ciudadania',100825923,'Compeñero de Trabajo',21,'2024-09-03',18924563,' Caucasia - Antioquia ',' Caucasia - Antioquia ','Activo'),(31,126,'ELIANA SOLANO','Cedula de ciudadania',1101440037,'Esposo/a',31,'2024-09-06',1044930066,' Cartagena De Indias - Bolívar ',' Cartagena De Indias - Bolívar ','Activo'),(32,128,'MARIAALEJANDRA SOTELO HEERNADEZ','Tarjeta de identidad',1063722979,'Hijo/a',23,'2024-09-06',78023313,' Cereté - Córdoba ',' Cereté - Córdoba ','Activo'),(33,128,'MERCEDES MERCADO MARTINEZ','Cedula de ciudadania',30685713,'Esposo/a',23,'2024-09-06',78023313,' Cereté - Córdoba ',' Cereté - Córdoba ','Activo'),(34,141,'YINET COLORADO MUÑOZ ','Cedula de ciudadania',43180870,'Esposo/a',39,'2024-09-09',18516656,' Medellín - Antioquia ',' Medellín - Antioquia ','Activo'),(35,71,'NOMAR DAVID BUENDIA','Cedula de ciudadania',1048320785,'Seleccionar',22,'2024-09-09',1045671766,' Barranquilla - Atlántico ',' Barranquilla - Atlántico ','Finalizado'),(36,71,'NOMAR DAVID BUENDIA','Cedula de ciudadania',1048320785,'Seleccionar',22,'2024-09-09',1045671766,' Barranquilla - Atlántico ',' Barranquilla - Atlántico ','Finalizado'),(37,71,'NORMAN DAVID BUENDIA','Cedula de ciudadania',1048320785,'Compeñero de Trabajo',22,'2024-09-10',1045671766,' Barranquilla - Atlántico ',' Barranquilla - Atlántico ','Finalizado'),(38,152,'NICOL YISETH BRAON PEREZ','Tarjeta de identidad',1036865899,'Hijo/a',23,'2024-09-11',1038545542,' Montelíbano - Córdoba ',' Montelíbano - Córdoba ','Activo'),(39,152,'DILAN JAVIER CALLE PEREZ','Tarjeta de identidad',1063793175,'Hijo/a',23,'2024-09-11',1038545542,' Montelíbano - Córdoba ',' Montelíbano - Córdoba ','Activo'),(40,158,'ANA ISABEL VIOLA HERNANDEZ ','Cedula de ciudadania',43998098,'Esposo/a',310,'2024-09-11',71351641,' Apartadó - Antioquia ',' Apartadó - Antioquia ','Activo'),(41,184,'WILLIAN RICARDO CUELLO ROMERO ','Cedula de ciudadania',78710743,'Esposo/a',38,'2024-09-14',1063562685,' La Gloria - Cesar ',' La Gloria - Cesar ','Activo'),(42,185,'ANA ISABEL SAN JUAN ROMERO','Cedula de ciudadania',33333678,'Esposo/a',311,'2024-09-15',1047450720,' Barranquilla - Atlántico ',' Barranquilla - Atlántico ','Activo'),(43,88,'JOSE RAFAEL ACOSTA PEREZ','Cedula de ciudadania',3839112,'Compeñero de Trabajo',10,'2024-09-15',92028273,' Sucre - Sucre ',' Sucre - Sucre ','Finalizado'),(44,88,'JOSE RAFAEL ACOSTA PEREZ','Cedula de ciudadania',3839112,'Compeñero de Trabajo',10,'2024-09-15',92028273,' Sucre - Sucre ',' Sucre - Sucre ','Finalizado'),(45,190,'LISET SANTOS ','Cedula de ciudadania',1052952741,'Esposo/a',33,'2024-09-15',73008578,' Cartagena De Indias - Bolívar ',' Cartagena De Indias - Bolívar ','Activo'),(46,71,'NORMAN DAVID BUEN DIA ','Cedula de ciudadania',1048320785,'Compeñero de Trabajo',21,'2024-09-16',1045671766,'Barranquilla - Atlántico','Barranquilla - Atlántico','Finalizado'),(47,71,'NORMAN DAVID BUEN DIA ','Cedula de ciudadania',1048320785,'Compeñero de Trabajo',21,'2024-09-16',1045671766,'Barranquilla - Atlántico','Barranquilla - Atlántico','Finalizado'),(48,196,'LAURA PEREZ ','Cedula de ciudadania',1082991925,'Esposo/a',310,'2024-09-17',1007949665,'Cartagena De Indias - Bolívar','Cartagena De Indias - Bolívar','Finalizado');
/*!40000 ALTER TABLE `acompañantes` ENABLE KEYS */;
UNLOCK TABLES;

--
-- Table structure for table `cambio_habitacion`
--

DROP TABLE IF EXISTS `cambio_habitacion`;
/*!40101 SET @saved_cs_client     = @@character_set_client */;
/*!50503 SET character_set_client = utf8mb4 */;
CREATE TABLE `cambio_habitacion` (
  `idcambio` int NOT NULL AUTO_INCREMENT,
  `idingreso` int NOT NULL,
  `idhabitacion` int NOT NULL,
  `empleado` varchar(45) NOT NULL,
  `fecha_nuevoingreso` varchar(45) NOT NULL,
  `numero_turno` int NOT NULL,
  `numero_habita` int NOT NULL,
  `tipo_habita` varchar(45) NOT NULL,
  `costoalojamiento` int NOT NULL,
  `documento` varchar(45) NOT NULL,
  `cliente` varchar(45) NOT NULL,
  `telefono` varchar(45) NOT NULL,
  `tipo_cliente` varchar(45) NOT NULL,
  `estado` varchar(45) NOT NULL,
  `numpersona` int NOT NULL,
  `deuda_anterior` int NOT NULL,
  PRIMARY KEY (`idcambio`)
) ENGINE=InnoDB AUTO_INCREMENT=18 DEFAULT CHARSET=utf8mb4 COLLATE=utf8mb4_0900_ai_ci;
/*!40101 SET character_set_client = @saved_cs_client */;

--
-- Dumping data for table `cambio_habitacion`
--

LOCK TABLES `cambio_habitacion` WRITE;
/*!40000 ALTER TABLE `cambio_habitacion` DISABLE KEYS */;
INSERT INTO `cambio_habitacion` VALUES (13,45,314,'','13-08-2024 10:12 AM',3,1,'Individual',70000,'1047482849','carlos  puentes diz','3046136399','General','Finalizado',1,60000),(15,227,332,'','24-09-2024 05:57 PM',87,10,'Doble',96000,'88256763','GUSTAVO SOTO','0','General','Finalizado',1,560000),(16,228,356,'alexander nieves romero','04-10-2024 02:47 PM',89,311,'Doble',90000,'1049626361','FABIAN HUMBERTO SALAMANCA JIMENEZ','NO','General','Finalizado',1,1440000),(17,242,335,'alexander nieves romero','09-10-2024 05:40 PM',89,21,'Doble',96000,'8788345','JHON LUNA','3022815159','General','Finalizado',1,840000);
/*!40000 ALTER TABLE `cambio_habitacion` ENABLE KEYS */;
UNLOCK TABLES;

--
-- Table structure for table `cliente`
--

DROP TABLE IF EXISTS `cliente`;
/*!40101 SET @saved_cs_client     = @@character_set_client */;
/*!50503 SET character_set_client = utf8mb4 */;
CREATE TABLE `cliente` (
  `idcliente` int NOT NULL AUTO_INCREMENT,
  `nombres` varchar(100) NOT NULL,
  `apellidos` varchar(100) NOT NULL,
  `tipodocumento` varchar(50) NOT NULL,
  `numdocumento` varchar(45) NOT NULL,
  `direccion` varchar(200) DEFAULT NULL,
  `telefono` varchar(11) DEFAULT NULL,
  `email` varchar(255) DEFAULT NULL,
  `pais` varchar(255) DEFAULT NULL,
  `ciudad` varchar(100) DEFAULT NULL,
  PRIMARY KEY (`idcliente`)
) ENGINE=InnoDB AUTO_INCREMENT=202 DEFAULT CHARSET=utf8mb3;
/*!40101 SET character_set_client = @saved_cs_client */;

--
-- Dumping data for table `cliente`
--

LOCK TABLES `cliente` WRITE;
/*!40000 ALTER TABLE `cliente` DISABLE KEYS */;
INSERT INTO `cliente` VALUES (38,'carlos ','puentes diz','Cedula de ciudadania','1047482849','los alpes sur ','3046136399','carlospuendiz@hotmail.com','Colombia','Cartagena'),(47,'ARMANDO DE JESUS','MERCADO YEPEZ','Cedula de ciudadania','72229162','NO se','3015526573','no se ','Colombia','Cartagena'),(48,'RUBEN','MEJIA','Seleccionar','1128455998','no','3206512089','no','Colombia','Cartagena'),(49,'JHON','LUNA','Nit','8788345',NULL,'3022815159',NULL,'Colombia','Medellín'),(50,'DIOMAR','PEÑARALDA','Cedula de ciudadania','1003250407','no','3023805475','no','Colombia','Cartagena'),(51,'RUBEN DARIO','MARTINEZ','Cédula','1022339746',NULL,'3185448747',NULL,'Colombia','Medellín'),(52,'VIVIAN','RIVERA','Tarjeta de identidad','1140819787','no','3116464474','no','Colombia','Cartagena'),(53,'FELIPE','BURITICA','Cédula','75097574',NULL,'3117402685',NULL,'Colombia','Medellín'),(54,'JUBENCIO','MOLINA RODRIGUEZ','Cedula extrangeria ','608300036000','NO','3155765466','NO','PERU','NO'),(55,'JOSE ALEJANDRO ','CALDERON PINILLA ','Cedula de ciudadania','1016032758','MEDELLIN ','3028280308','ALEJANDROCALDERON2121@GMAIL.COM','COLOMBIA ','NO'),(56,'DANIEL ','TABORDA MAZO ','Cedula de ciudadania','1002085242','NO','NO','NO ','Colombia','Cartagena'),(57,'WILSON DE JESUS','MALDONADO LOPEZ','Cedula de ciudadania','98576982','NO','3242124973','NO','Colombia','Cartagena'),(58,'JUAN','GABRIEL GUZMAN','Cedula de ciudadania','80033485','NO','3106095366','NO','Colombia','Cartagena'),(59,'FABIAN ANDRES','GOMEZ BOHORQUEZ','Cedula de ciudadania','1069472337','NO','3148727185','NO','Colombia','Cartagena'),(61,'JORGE LUIS','HERNANDEZ VILLAMIZAR','Cedula de ciudadania','9024613','NO','3003590721','NO','Colombia','Cartagena'),(62,'LUIS JAVIER','CANO DIAS','Cedula de ciudadania','1040734917','NO','3214119111','NO','Colombia','Cartagena'),(63,'MEDEDICTO','SANCHEZ','Cedula de ciudadania','3483236','NO','3214119111','NO','Colombia','Cartagena'),(64,'MEDEDICTO','SANCHEZ','Cedula de ciudadania','3483236','NO','3214119111','NO','Colombia','Cartagena'),(65,'CARLOS ANDRES','ALVAREZ OBREGON','Cedula de ciudadania','98632946','NO','3015122676','NO','Colombia','Cartagena'),(66,'RAFAEL SEGUNDO','RAMBAL GUZMAN','Cedula de ciudadania','72329622','NO','3022815157','NO','Colombia','Cartagena'),(67,'JOHN HAROLD','HERNANDEZ JIMENEZ','Cedula de ciudadania','1082944191','NO','NO','NO','Colombia','Cartagena'),(68,'VICTOR JULIO','FRANCO SOLANO','Cedula de ciudadania','1044612971','NO','3025630316','NO','Colombia','Cartagena'),(69,'JOHN HAROLD','HERNANDEZ JIMENEZ','Cedula de ciudadania','1082944191','NO','NO','NO','Colombia','Cartagena'),(70,'JEAN CARLOS','SOTOMAYOR MALARIAGA','Cedula de ciudadania','1131109375','NO','NO','NO','Colombia','Cartagena'),(71,'JAVIER ANDRES','LOBO PEREZ','Cedula de ciudadania','1045671766','NO','3006848576','NO','Colombia','Cartagena'),(72,'EDILBERTO ENRIQUE ','REYES BERRIO','Cedula de ciudadania','72244728','NO','NO','NO','Colombia','Cartagena'),(73,'RUHT MILENES','REY ACERO','Cedula de ciudadania','45621214','NO','3202975185','NO','Colombia','Cartagena'),(74,'JUBENCIO ','MOLINA RODIGUEZ','Cedula de ciudadania','2753697','NO','3235394836','NO ','Colombia','Cartagena'),(75,'ELEN MARIA','GARCIA THERAN','Cedula de ciudadania','1045728235','NO','NO','NO','Colombia','Cartagena'),(76,'YONNY ANTONIO ','CORDOBA BEJARANO','Cedula de ciudadania','71944461','NO','0','NO','Colombia','Cartagena'),(77,'YONNY ANTONIO','CORDOBA BEJARANO','Cedula de ciudadania','71944461','NO','3024065414','NO','Colombia','Cartagena'),(78,'NOMAR DAVID','BUENDIA','Cedula de ciudadania','1048320785','NO','3006848576','NO','Colombia','Cartagena'),(79,'JORGE ELECIER ','GOMEZ ','Cedula de ciudadania','79711588','NO','3125073306','NO','Colombia','Cartagena'),(80,'RODRIGO','GARCIA BURBANO','Cedula de ciudadania','73159647','NO','3126168531','NO','Colombia','Cartagena'),(81,'fabian alberto	o','ortega vasquez ','Cedula de ciudadania','1047375988 ','no','3013159264','fabian_st_721@hotmail.com','Colombia','Cartagena'),(82,'PEDRO MANUEL','ORTIZ ANGULO','Cedula de ciudadania','84043563','NO','3016846472','NO','Colombia','Cartagena'),(83,'CARLOS ANDRES','CANO ESCOBAR','Cedula de ciudadania','71705242','NO','3197372049','NO','Colombia','Cartagena'),(84,'JUAN CARLOS','SILVA CIFUENTES','Cedula de ciudadania','79745242','NO','3203553421','NO','Colombia','Cartagena'),(85,'JOSE BONIFACIO','TENORIO CORTES','Cedula de ciudadania','87944109','NO','3004154359','NO','Colombia','Cartagena'),(86,'JOSE BONIFACIO','TENORIO CORTES','Cedula de ciudadania','87944109','NO','3004154359','NO','Colombia','Cartagena'),(87,'FILIBERTO','BALDION','Cedula de ciudadania','3043210','NO','3204952983','NO','Colombia','Cartagena'),(88,'ALVARO ','JIMENEZ','Cedula de ciudadania','92028273','TRONCAL DE OCCIDENTE DIAG 31D No.32 A25','3016875132','NO','Colombia','Cartagena'),(89,'ALVARO ','JIMENEZ','Cedula de ciudadania','92028273','TRONCAL DE OCCIDENTE DIAG 31D No.32 A25','3016875132','NO','Colombia','Cartagena'),(90,'CARLOS MAURICIO','GALVIS ROJAS','Cedula de ciudadania','91264223','no','3245802221','gerencianacionalmercadeo@gmail.com','Colombia','Cartagena'),(91,'FERNEY','USUGA ORTEGA','Cedula de ciudadania','8014135','NO','3208259122','NO','Colombia','Cartagena'),(92,'PEDRO LUIS ','PARRA ALVAREZ','Cedula de ciudadania','14272635','NO','3132745400','NO','Colombia','Cartagena'),(93,'FABIAN ALBERTO','ORTEGA VASQUEZ','Cedula de ciudadania','1047375988','NO','3013159264','NO','Colombia','Cartagena'),(94,'ALVARO JULIO ','JIMENEZ MEZA','Cedula de ciudadania','92028273','NO','3016875132','NO','Colombia','Cartagena'),(95,'JESUS','SEGRERA','Cedula de ciudadania','1083011834','NO','3006002292','NO','Colombia','Cartagena'),(96,'JAVIER','LOBO','Cedula de ciudadania','1045671766','DIAG 31D No32A25','3006848576','NO','Colombia','Cartagena'),(97,'JONATHAN ','HIGUITA GIRALDO','Cedula de ciudadania','1128408251','NO','NO','NO','Colombia','Cartagena'),(98,'HORACIO MANUEL','GUERRA CARABALLO','Cedula de ciudadania','830054581','NO','3005432065','NO','Colombia','Cartagena'),(99,'HORACIO MANUEL','GUERRA CARABALLO','Cedula de ciudadania','1101446536','NO','3005432065','NO','Colombia','Cartagena'),(100,'HORACIO MANUEL','GUERRA CARABALLO','Cedula de ciudadania','1101446536','NO','3005432065','NO','Colombia','Cartagena'),(101,'LUIS CARLOS','DIAZ PARDO ','Cedula de ciudadania','1140840308','NO','3217309096','NO','Colombia','Cartagena'),(102,'DIEGO ADOLFO','TERTUA','Cedula de ciudadania','104277202','NO','3217309096','NO','Colombia','Cartagena'),(106,'JUAN CARLOS','PRADA MORALES','Cedula de ciudadania','91508048','0','0','0','Colombia','Cartagena'),(107,'EDUARDO','ALVARADO QUESADA','Cedula de ciudadania','91508048','0','3002652645','0','Colombia','Cartagena'),(108,'EDUARDO','ALVARADO QUESADA','Cedula de ciudadania','9143691','0','3002652645','0','Colombia','Cartagena'),(109,'JORGE','LOPEZ','Cedula de ciudadania','7369135','NO','3007979361','NO','Colombia','Cartagena'),(110,'RAFAEL','SALGADO','Cedula de ciudadania','7379941',' DG 31D No 32A25','3113658607','raesago@hotmail.com','Colombia','Cartagena'),(111,'GUSTAVO','SOTO','Cedula de ciudadania','88256763','','0','0','Colombia','Cartagena'),(112,'JHON JAIRO','MURRILLO','Cedula de ciudadania','18924563','NO','3128309098','NO','Colombia','Cartagena'),(113,'GUSTAVO','SOTO','Cedula de ciudadania','88256763','NO','NO','NO','Colombia','Cartagena'),(114,'NORVEY ENRIQUE','BARRIOS ACUÑA','Cedula de ciudadania','1118851822','NO','3115001425','NO','Colombia','Cartagena'),(115,'DUVAN ESTIBEN ','MUNERA TORRES','Cedula de ciudadania','1000756941','NO','3196456009','NO','Colombia','Cartagena'),(116,'JHON ALBEIRO ','POSADA MURILLO','Cedula de ciudadania','71318468','NO','3214259372','NO','Colombia','Cartagena'),(117,'DANIEL ','TABORDA MAZO','Cedula de ciudadania','1002085342','NO','3046639079','NO','Colombia','Cartagena'),(118,'ANTONIO LUIS ','MOSCOTE ARRIETA','Cedula de ciudadania','1043872690','NO','3115001425','NO','Colombia','Cartagena'),(119,'IRONIS ANDRES ','MESA ARAUJO','Tarjeta de identidad','1043006821','NO','3115001425','NO','Colombia','Cartagena'),(120,'JORGE ','CASTILLO','Cedula de ciudadania','15620346','NO','3135128941','NO','Colombia','Cartagena'),(121,'LUIS  ','ANGULO','Cedula de ciudadania','10697608','0','3102578219','Matias3083@hotmail.com','Colombia','Cartagena'),(122,'ALBERTO','CAMPO','Cedula de ciudadania','79814277','0','3219364796','291012beto@gmail.com','Colombia','Cartagena'),(123,'FREDIS  MIGUEL','ARRAEZ','Cedula de ciudadania','10820119','0','3246373598','arroez1980@gmail.com','Colombia','Cartagena'),(124,'WILSON ANDRES','ÑUSTES RODRIGUEZ ','Cedula de ciudadania','1024483628 ','no aplica ','3229757471','facturacionvygconstructores@gmail.com ','Colombia','Cartagena'),(125,'JAIDER LUIS ','MADRID MONTES','Cedula de ciudadania','1003193045','NO','3187234877','NO','Colombia','Cartagena'),(126,'MOISES DAVIS	G','UARIN NAVARRO ','Cedula de ciudadania','1044930066 ','no','3218660429','guarinmoises75gmail.com','Colombia','Cartagena'),(127,'HERNADO JOSE ','MOGOLLON ROCHA','Cedula de ciudadania','1083029427','NO','3046808596','NO','Colombia','Cartagena'),(128,'JERONIMO JOSE','HERNANDEZ ALTAMIRANDA','Cedula de ciudadania','78023313','NO','3145856548','NO','Colombia','Cartagena'),(129,'ALIN FABIAN ','MARTINEZ RAMON','Cedula de ciudadania','1094269713','NO','NO','NO','Colombia','Cartagena'),(130,'BERNARDO','BLANCO  TORREZ','Cedula de ciudadania','73201469','0','3233950284','0','Colombia','Cartagena'),(131,'EDILBERTO DEL JESUS','ARANGO GALVIZ','Cedula de ciudadania','70856474','0','3122543540','0','Colombia','MEDELLIN'),(132,'OSWALDO JOSE','TAMARA RUIZ','Cedula de ciudadania','1143372794','0','3122543540','0','Colombia','MEDELLIN'),(133,'OSWALDO JOSE','TAMARA RUIZ','Cedula de ciudadania','1143372749','NO','3122543540','NO','Colombia','Cartagena'),(134,'CESAR JOSE','CAAMAÑO SIERRA','Cedula de ciudadania','1053000999','NO','3244080792','NO','Colombia','Cartagena'),(135,'GABRIEL ENRRIQUE','VILORIA ACOSTA','Cedula de ciudadania','1052946822','NO','3005223372','NO','Colombia','Cartagena'),(136,'EYDER ','LASPRILLA YASNO','Cedula de ciudadania','79427708','NO','3004777413','NO','Colombia','Cartagena'),(137,'JOISE DE LOS ANGELES ','GUAUQUE BARRERA','Cedula de ciudadania','4277550','NO','3213622807','NO','Colombia','Cartagena'),(138,'CAMILO  ANDELFO','BONILLA  CASTRO','Cedula de ciudadania','1098665298','DIAG 31 D No. 32  A  25','3143023968','CbonillaCastro@hotmail.com','Colombia','Cartagena'),(139,'JOSE LUIS','AREVALO HERN ANDEZ','Cedula de ciudadania','1143123947','NO','3024216413','NO','Colombia','Cartagena'),(140,'VICTOR MANUEL','HERRERA MALDONADO','Cedula de ciudadania','72231061','NO','3014031619','NO','Colombia','Cartagena'),(141,'MILLER DEIBY','RUBIO ARIAS','Cedula de ciudadania','18516656','miller80rubio@gmail.com','3054146532','NO','Colombia','Cartagena'),(142,'JORGE HUMBERTO','BRETON TRUJILLO','Cedula de ciudadania','10142282','NO','3213164630','NO','Colombia','Cartagena'),(143,'AYRTON MIGUEL','GONZALES JIMENEZ','Cedula de ciudadania','1129581248','NO','NO','NO','Colombia','Cartagena'),(144,'WILSON YOVANY','ROMERO MONTOYA','Cedula de ciudadania','71785038','NO','3015303008','NO','Colombia','Cartagena'),(145,'ALEXANDER','OSORIO ALFARO','Seleccionar','15172159','NO','NO','ALEXVALLEDUPAR@GMAIL.COM','Colombia','Cartagena'),(146,'ELDER JULIAN','GARNICA SISA','Cedula de ciudadania','1007382829 ','SOGAMOSO BOYACA','3108500092','elderjgarnicas@gmail.com','Colombia','Cartagena'),(147,'LUIS ALBERTO','MEDINA LEYVA','Cedula de ciudadania','1044429953 ','BARRANQUILLA','3003312169','luismedina199408020@gmail.com','Colombia','Cartagena'),(148,'ADALBERTO','FIGUEROA','Cedula de ciudadania','1045727332 ','NO','3225096041','NO','Colombia','Cartagena'),(149,'JHON FREDYS','ROCHA ALTAMAR ','Cedula de ciudadania','1098743515 ',' ROBLES CALLE80 23 B 10 ','3102913172','ROCHAJHON241215@GMAIL.COM','Colombia','Cartagena'),(150,'NELSON ALBERTO','ARIAS  GIL','Cedula de ciudadania','79764812','NO','3158271113','NO','Colombia','Cartagena'),(151,'OSCAR ENRIQUE ','ORTIZ VANEGAS','Cedula de ciudadania','8795944','','3105023100','','Colombia','Cartagena'),(152,'LIZ KATERINE','PEREZ FUERTEN ','Cedula de ciudadania','1038545542','NO','3114918698','NO','Colombia','Cartagena'),(153,'YEZERTIN','NAVARRO PEREZ','Cedula de ciudadania','1045700171','NO','3007244766','NO','Colombia','Cartagena'),(154,'ELIANA PATRICIA','MOJICA GOMEZ','Cedula de ciudadania','1011026134','NO','3103172565','NO','Colombia','Cartagena'),(155,'JOSE MARIA','POLO PANTOJA','Cedula de ciudadania','8816113','NO','3043594844','NO','Colombia','Cartagena'),(156,'LINA MARIA','FLOREZ ZANABRIA','Cedula de ciudadania','52057141','NO','3112685651','NO','Colombia','Cartagena'),(157,'JEROBOAN ','RAMIREZ RAMIREZ','Cedula de ciudadania','75094583','NO','3107798897','NO','Colombia','Cartagena'),(158,'JUAN CARLOS','VERA AREIZA','Cedula de ciudadania','71351641','APARTADO ANTIOQUIA CALLE 101 B CARRERA 76 ','3215293138','900139412@FACTUREINBOX.CO ','Colombia','MEDELLIN '),(159,'JAUWIN','FUENTES SALCEDO','Cedula de ciudadania','80774756','000','3105318668','JAUWINFUENTES@GMAIL.COM','Colombia','Cartagena'),(160,'ELUD','PAEZ','Cedula de ciudadania','1045709187','NO','313456128','NO','Colombia','Cartagena'),(161,'JULIAN','CASTAÑO ROJAS ','Cedula de ciudadania','1017239614','NO','3116043816','NO','Colombia','Cartagena'),(162,'JEINER','RODRIGUEZ','Cedula de ciudadania','19897650','NO','3113616620','NO','Colombia','Cartagena'),(163,'JOSE ROGELIO','TRUJILLO RIVERA','Cedula de ciudadania','94383963','NO','3223083465','NO','Colombia','Cartagena'),(164,'PEDRO JAVIER','MARTINEZ GAONA','Cedula de ciudadania','2956250','NO','3225303465','NO','Colombia','Cartagena'),(165,'YINA VANESSA','NARVAEZ MONT','Cedula de ciudadania','1104013952','NO','3104936988','NO','Colombia','Cartagena'),(166,'ESNEIDER','CEBALLOS HENAO','Cedula de ciudadania','10017223933','NO','3015932272','NO','Colombia','Cartagena'),(167,'EDUARDO ENRIQUE ','PAYARES ARTEAGA','Cedula de ciudadania','8854594','NO','3205523215','NO','Colombia','Cartagena'),(168,'AMAURIS JOSE','CASTILLOS ALVIS','Cedula de ciudadania','72194219','NO','3142418684','NO','Colombia','Cartagena'),(169,'ANDRES ALFONSO ','CEBALLOS FERIA ','Cedula de ciudadania','1051636148','NO','3157025655','NO','Colombia','Cartagena'),(170,'HECTOR ','CUERVO','Cedula de ciudadania','4158093','NO','3124804553','NO','Colombia','Cartagena'),(171,'LUZ MERYS ','RIOS CANADA','Seleccionar','1051671538','NO','3002512070','NO','Colombia','Cartagena'),(172,'ANTONIO','CAMARGO PANZA','Seleccionar','72311061','NO','3008893864','NO','Colombia','Cartagena'),(173,'YOIMER ','BENITES','Cedula de ciudadania','1143464637','NO','3008893864','NO','Colombia','Cartagena'),(174,'DANILED','ALAMANZA','Cedula de ciudadania','1102884374','NO','3014689598','NO','Colombia','Cartagena'),(175,'KELLY DAYANA','ZAPATA ','Cedula de ciudadania','3015178358','CARRERA 44 A 88 42 MEDELLIN ','3015178358','DAYANA9096@HOTMAIL.COM','Colombia','Cartagena'),(176,'KELLY DAYANA ','ZAPATA','Cedula de ciudadania','103668644','ROSALES CARRERA44A 88 42 ','3015178358','DAYANA9096@HOTMAIL.COM','Colombia','Cartagena'),(177,'ANGEL ANTONIO','OROZCO','Cedula de ciudadania','198976500','NO ','NO','NO ','Colombia','Cartagena'),(178,'KAREN','SILVERA','Cedula de ciudadania','1140864735','no ','3043170947','NO ','Colombia','Cartagena'),(179,'MAURICIO ','RAEL ','Cedula de ciudadania','72333484','NO','311606050','NO','Colombia','Cartagena'),(180,'JAROLD ','ACOSTA SANCHEZ ','Cedula de ciudadania','1067873829 ','','3126749861 ','','Colombia','Cartagena'),(181,'NELSON EUGENIO','FRANCO DE LA CRUZ','Cedula de ciudadania','92228991','NO','3243095599','NO','Colombia','Cartagena'),(182,'DIEGO FERNANDO ',' GAITAN RAMOS','Cedula de ciudadania','80180932','NO','3007222474','NO','Colombia','Cartagena'),(183,'KELLY JOHANA ','PELUFFO QUINTANA','Cedula de ciudadania','1052079513','NO','3225845072','NO','Colombia','Cartagena'),(184,'YESSICA YULIETH','RODRIGUEZ TORRES','Cedula de ciudadania','1063562685 ','LA GLORIA CESAR','3015685357','sairaislan12@gmail.com','Colombia','Cartagena'),(185,'VICTOR ALFONSO','LOZANO ZAGARRA','Cedula de ciudadania','1047450720','BARRANQUILLA','3027907560','vlozanoz38@gmail.com','Colombia','Cartagena'),(186,'JULIO CESAR ','BARRETO TREJOS ','Cedula de ciudadania','1047388172 ',' CORDOBA BOLIVAR ','3013149708','NO','Colombia','Cartagena'),(187,'MARCELO ','MORALEZ AMAYA','Cedula de ciudadania','79567473','NO','3003072967','NO','Colombia','Cartagena'),(188,'GERMAN','MARTINEZ DIAZ','Cedula de ciudadania','85470696','NO','79567473','NO','Colombia','Cartagena'),(189,'LUIS FERNANDO ','QUIROZ ARROLLO','Cedula de ciudadania','1103107120','NO','3147417911','NO','Colombia','Cartagena'),(190,'ANGEL ENRRIQUE','MEDINA PACHECO','Cedula de ciudadania','73008578','NO','3016612984','NO','Colombia','Cartagena'),(191,'JUAN CARLOS ','LOAIZA ','Cedula de ciudadania','98566218','0','0','0','Colombia','Cartagena'),(192,'andres felipe ','arango alvarez','Cedula de ciudadania','71220702','medellin','3148319653','andresf0280@hotail.com','Colombia','Cartagena'),(193,'JORGE','PARRA','Cedula de ciudadania','84457478','','3013851355','','Colombia','Cartagena'),(194,'JASSER  RAFAEL','SEGEBRE SANABRIA','Cedula de ciudadania','1131071940','BARRANQUILLA','3156036715','GENEBRESANABRIAYASSERRAFAEL@GAMIL.COM','Colombia','Cartagena'),(195,'carlos mauro','atencio turizo','Cedula de ciudadania','1052986204','magangue','301529153','maocrash07@gmail.com','Colombia','Cartagena'),(196,'YIMMY ALEJANDRO','SANCHEX PINEDA','Cedula de ciudadania','1007949665 ','OCAÑA','3157622338','alejadropineda99@outlook.com','Colombia','Cartagena'),(197,'CARLOS AUGUSTO	','GIL DELGADO ','Cedula de ciudadania','5594403 ','','315 6908307','','Colombia','Cartagena'),(198,'roxana','caceres quiñonez','Cedula de ciudadania','1096224126 ','','no','roxanaroxanacac@hotmai.com','Colombia','Cartagena'),(199,'KONIER KENER','MOJICA PIMIENTA','Cedula de ciudadania','1054571476','NO','3218740281','NO','Colombia','Cartagena'),(200,'FABIAN HUMBERTO','SALAMANCA JIMENEZ','Cedula de ciudadania','1049626361','NO','NO','NO','Colombia','Cartagena'),(201,'KEINER HANSELL','GOMEZ CONTRERA','Cedula de ciudadania','1065612457','NO','3015577982','NO','Colombia','Cartagena');
/*!40000 ALTER TABLE `cliente` ENABLE KEYS */;
UNLOCK TABLES;

--
-- Table structure for table `consumo`
--

DROP TABLE IF EXISTS `consumo`;
/*!40101 SET @saved_cs_client     = @@character_set_client */;
/*!50503 SET character_set_client = utf8mb4 */;
CREATE TABLE `consumo` (
  `idconsumo` int NOT NULL AUTO_INCREMENT,
  `idabonos` int NOT NULL,
  `idproducto` int NOT NULL,
  `cantidad` decimal(7,2) NOT NULL,
  `precio_venta` decimal(7,2) NOT NULL,
  `estado` varchar(15) NOT NULL,
  PRIMARY KEY (`idconsumo`)
) ENGINE=InnoDB DEFAULT CHARSET=utf8mb3;
/*!40101 SET character_set_client = @saved_cs_client */;

--
-- Dumping data for table `consumo`
--

LOCK TABLES `consumo` WRITE;
/*!40000 ALTER TABLE `consumo` DISABLE KEYS */;
/*!40000 ALTER TABLE `consumo` ENABLE KEYS */;
UNLOCK TABLES;

--
-- Table structure for table `empleado`
--

DROP TABLE IF EXISTS `empleado`;
/*!40101 SET @saved_cs_client     = @@character_set_client */;
/*!50503 SET character_set_client = utf8mb4 */;
CREATE TABLE `empleado` (
  `idpersona` int NOT NULL AUTO_INCREMENT,
  `acceso` varchar(15) NOT NULL,
  `login` varchar(100) NOT NULL,
  `password` varchar(11) NOT NULL,
  `estado` varchar(2) NOT NULL,
  `eps` varchar(100) NOT NULL,
  `arl` varchar(100) NOT NULL,
  PRIMARY KEY (`idpersona`),
  CONSTRAINT `fk_persona_empleado` FOREIGN KEY (`idpersona`) REFERENCES `persona` (`idpersona`)
) ENGINE=InnoDB AUTO_INCREMENT=98 DEFAULT CHARSET=utf8mb3;
/*!40101 SET character_set_client = @saved_cs_client */;

--
-- Dumping data for table `empleado`
--

LOCK TABLES `empleado` WRITE;
/*!40000 ALTER TABLE `empleado` DISABLE KEYS */;
INSERT INTO `empleado` VALUES (86,'General','combugas','empleado','A','sura','sura'),(87,'Empleado','1143362120','2120','A','sura','sura'),(88,'Administrador','1051449219','9219','A','NO','NO'),(90,'Empleado','1001804771','4771','A','MO','NO1'),(91,'Empleado','1235043430','3430','A','NO2','NO2'),(92,'Empleado','22794222','4222','A','NO3','NO3'),(93,'Empleado','45495267','5267','A','NO4','NO4'),(94,'Empleado','1064992945','2945','A','NO5','NO5'),(95,'Empleado','1047364040','4040','A','NO6','NO6'),(96,'Empleado','1128325348','5348','A','NO7','NO7');
/*!40000 ALTER TABLE `empleado` ENABLE KEYS */;
UNLOCK TABLES;

--
-- Table structure for table `espera`
--

DROP TABLE IF EXISTS `espera`;
/*!40101 SET @saved_cs_client     = @@character_set_client */;
/*!50503 SET character_set_client = utf8mb4 */;
CREATE TABLE `espera` (
  `idespera` int NOT NULL AUTO_INCREMENT,
  `idempleado` int NOT NULL,
  `numero` int NOT NULL,
  `empleado` varchar(100) NOT NULL,
  `fecha` date NOT NULL,
  `cantidadpersonas` int NOT NULL,
  `tipohabitacion` varchar(50) NOT NULL,
  `hora_llegada` date NOT NULL,
  `cliente` varchar(100) NOT NULL,
  `estado` varchar(50) NOT NULL,
  PRIMARY KEY (`idespera`),
  KEY `fk_espera_empleado_idx` (`idempleado`),
  CONSTRAINT `fk_espera_empleado` FOREIGN KEY (`idempleado`) REFERENCES `empleado` (`idpersona`)
) ENGINE=InnoDB AUTO_INCREMENT=3 DEFAULT CHARSET=utf8mb4 COLLATE=utf8mb4_0900_ai_ci;
/*!40101 SET character_set_client = @saved_cs_client */;

--
-- Dumping data for table `espera`
--

LOCK TABLES `espera` WRITE;
/*!40000 ALTER TABLE `espera` DISABLE KEYS */;
/*!40000 ALTER TABLE `espera` ENABLE KEYS */;
UNLOCK TABLES;

--
-- Table structure for table `factura_electronica`
--

DROP TABLE IF EXISTS `factura_electronica`;
/*!40101 SET @saved_cs_client     = @@character_set_client */;
/*!50503 SET character_set_client = utf8mb4 */;
CREATE TABLE `factura_electronica` (
  `idfactura_electronica` int NOT NULL AUTO_INCREMENT,
  `documento` int NOT NULL,
  `DV` int NOT NULL,
  `razon_social` varchar(200) NOT NULL,
  `tipo_persona` varchar(40) NOT NULL,
  `tipo_documento` varchar(45) NOT NULL,
  `departamento` varchar(40) DEFAULT NULL,
  `municipio` varchar(45) DEFAULT NULL,
  `direccion` varchar(200) DEFAULT NULL,
  `telefono` varchar(45) DEFAULT NULL,
  `email` varchar(100) NOT NULL,
  `regimen_fiscal` varchar(100) DEFAULT NULL,
  `responsabilidades_fiscales` varchar(100) DEFAULT NULL,
  `idcliente` int DEFAULT NULL,
  PRIMARY KEY (`idfactura_electronica`)
) ENGINE=InnoDB AUTO_INCREMENT=175 DEFAULT CHARSET=utf8mb4 COLLATE=utf8mb4_0900_ai_ci;
/*!40101 SET character_set_client = @saved_cs_client */;

--
-- Dumping data for table `factura_electronica`
--

LOCK TABLES `factura_electronica` WRITE;
/*!40000 ALTER TABLE `factura_electronica` DISABLE KEYS */;
INSERT INTO `factura_electronica` VALUES (71,1047482949,2,'carlos puentes diz','Natural','Cedula De Ciudadania','Bolívar ',' Cartagena','los alpes','304','carlos@hotmail.com','','No Responsable',38),(72,1047482949,2,'carlos puentes diz','Natural','Cedula De Ciudadania','Bolívar ',' Cartagena','los alpes','304','carlos@hotmail.com','','No Responsable',38),(74,8788345,0,'cdsccd','Natural','Cedula De Ciudadania','Antioquia','Medellín','dewsds','3456','gdfg','','',49),(76,72229162,1,'ARMANDO DE JESUS MERCADO YEPEZ','Natural','Cedula De Ciudadania','Antioquia','Medellín','ygg','6767','gbbghyh.com','','No Responsable',47),(77,72229162,1,'ARMANDO DE JESUS MERCADO YEPEZ','Natural','Cedula De Ciudadania','Antioquia','Medellín','ygg','6767','gbbghyh.com','','No Responsable',47),(78,1047482949,2,'carlos puentes diz','Natural','Cedula De Ciudadania','Bolívar ',' Cartagena','los alpes','304','carlos@hotmail.com','','No Responsable',38),(79,1140819787,0,'VIVIAN RIVERA','Natural','Cedula De Ciudadania','Antioquia','Medellín','ddccfvfvfvd','12334','nose@gamila.com','','No Responsable',52),(80,1140819787,0,'VIVIAN RIVERA','Natural','Cedula De Ciudadania','Antioquia','Medellín','ddccfvfvfvd','12334','nose@gamila.com','','No Responsable',52),(81,1016032758,0,'CALDERON PINILLA JOSE ALEJANDRO ','Natural','Cedula De Ciudadania','Antioquia','Medellín','TRONCAL DE OCCIDENTE DIAG D No 32 A 25 ','3028280308','ALEJANDROCALDERON2121@GMAIL.COM','No Responsable de Iva','No Responsable',55),(82,830054581,0,'ESTELAR EXPRESS S.A.S','Juridica','NIT','Antioquia','Medellín','CL24F 102 A 23','4076769','medellin@estelarexpress.co','Regimen Comun Persona Juridica','',76),(83,890926257,1,'INMEL INGENIERIA SAS','Juridica','NIT','Antioquia','Medellín','Medellín, CL 16 A S 48 117','NO','facturaelectronica@inmel.co','Regimen Comun Persona Juridica','',148),(84,80033485,0,'GUZMAN JUAN GABRIEL ','Natural','Cedula De Ciudadania','Bolívar ',' Cartagena','TRONCAL DE OCCIDENTE DIAG. 31 D #32 A 25','32054179169','GUZMAN.JUAN2020@GMAIL.COM','No Responsable de Iva','',58),(85,900041598,6,'ECA S.A.S CONSTRUCCIONES Y SERVICIOS INTEGRALES','Juridica','NIT','Bolívar ',' Cartagena','CENTRO IND TERNERA BG M 6','6536758','900041598@FACTUREINBOX.CO','Regimen Comun Persona Juridica','',59),(86,9024613,0,'HERNANDEZ VILLAMIZAR JORGE LUIS ','Natural','Cedula De Ciudadania','Bolívar ',' Cartagena','TRONCAL DE OCCIDENTE DIAG. 31 D #32 A 25','3205417916','JORGEH50@HOTMAIL.COM','No Responsable de Iva','',61),(87,98632946,0,'ALVAREZ OBREGON CARLOS ANDRES','Natural','Cedula De Ciudadania','Bolívar ',' Cartagena','TRONCAL DE OCCIDENTE DIAG. 31 D #32 A 25','3205417916','CARLOS78OBREGON@HOTMAIL.COM','No Responsable de Iva','',65),(88,901198697,0,'HG ARQUITECTURA ANEXA SAS','Juridica','NIT','Bolívar ',' Cartagena','TRONCAL DE OCCIDENTE DIAG 31 D #32 A 25','3205417916','INFO@HGARQUITECTURAANEXA.CO','','',68),(89,900820740,0,'TRANSPORTES DALMARU SAS ','Juridica','NIT','Bolívar ',' Cartagena','DIAG 31 D # 32 A 25','3205417916','CONTABILIDAD@GIRALDOABOGADOS.COM','Regimen Comun Persona Juridica','',67),(90,1131109375,0,'SOTOMAYOR MALARIAGA JEAN CARLOS','Natural','Cedula De Ciudadania','Bolívar ',' Cartagena','DIAG. 31 D #32 A 25','3205417916','JCMALARIAGA@HOTMAIL.ES','No Responsable de Iva','',70),(91,892300678,0,'ETICOS SERRANO GOMEZ LTDA','Juridica','NIT','Bolívar ',' Cartagena','DIAG. 31 D #32 A 25','3205417916','RECEPCIONBARRANQUILLA@ETICOS.COM','Regimen Comun Persona Juridica','',71),(92,52067704,0,'BALDION PORTELA MAGALY','Natural','Cedula De Ciudadania','Bolívar ',' Cartagena','DIAG. 31 D # 32 A 25','3205417916','MAGALLIBAL@HOTMAIL.COM','','',72),(93,45621214,0,'REY ACERO RUTH MILENE','Natural','Cedula De Ciudadania','Bolívar ',' Cartagena','DIAG 31 D# 32 A 25 ','3205417916','SARITHOBZREY@GMAIL.COM','No Responsable de Iva','',73),(94,2753697,0,'JUBENCIO  MOLINA RODIGUEZ','Natural','Cedula De Ciudadania','Bolívar ',' Cartagena','DIAG 31 D # 32 A 25 ','3205417916','JUBENCIOMOLINA@YAHOO.COM','No Responsable de Iva','',74),(95,900521357,0,'JMV CONSTRUKTORA S.A.S','Juridica','NIT','Cundinamarca',' Bogotá','CL 99 11 A 41','3714424144','contabilidad@jmv.co','Regimen Comun Persona Juridica','',75),(96,222222222,0,'clientes varios','Natural','Cedula De Ciudadania','Bolívar ',' Cartagena','TERNERA TRONCAL DE OCCIDENTE','no','no','No Responsable de Iva','No Responsable',186),(97,73159647,0,'GARCIA BURBANO RODRIGO','Natural','Cedula De Ciudadania','Bolívar ',' Cartagena','TRONCAL DE OCCIDENTE DIAG 31 D No 32 A 25','3126168531','RODRIGOGARCIABURBANO@HOTMAIL.COM','No Responsable de Iva','',80),(98,1047375988,0,'fabian alberto o ortega vasquez ','Natural','Cedula De Ciudadania','Bolívar ',' Cartagena','dg 31 # 32 A 25','3013159264','fabian_st_721@hotmail.com','No Responsable de Iva','No Responsable',81),(99,84043563,0,'PEDRO MANUEL ORTIZ ANGULO','Natural','Cedula De Ciudadania','Bolívar ',' Cartagena','DIAG 31 D # 32 A 25','3016846472','elcardonguajiro012@gmail.com','No Responsable de Iva','No Responsable',82),(100,71705242,0,'CARLOS ANDRES CANO ESCOBAR','Natural','Cedula De Ciudadania','Bolívar ',' Cartagena','TRONCAL DE OCCIDENTE DIAG 31D No 32 A 25 TERNERA','3205417916','2222','No Responsable de Iva','',83),(101,901367947,0,'TG EVENTS GROUP SAS','Juridica','NIT','Bolívar ',' Cartagena','CARRERA 76 76 09','3203553421','COMERCIAL@IDEALO.COM.CO','Regimen Comun Persona Juridica','',84),(102,87944109,0,'JOSE BONIFACIO TENORIO CORTES','Natural','Cedula De Ciudadania','Bolívar ',' Cartagena','TRONCAL DE OCCIDENTE DIAG 31 D No 32 A 25','3004154359','YAFAJOJA12@GMAIL.COM','No Responsable de Iva','',85),(103,3043210,0,'FILIBERTO BALDION','Natural','Cedula De Ciudadania','Boyacá',' Bogotá','DG 31 D No. 32A 25','3204952983','222222222','No Responsable de Iva','No Responsable',87),(104,92028273,0,'CARTAGENA','Natural','Cedula De Ciudadania','Atlántico',' Barranquilla','TRONCAL DE OCCIDENTE DIAG 31D No.32A25','3016875132','0','No Responsable de Iva','No Responsable',88),(105,91264223,0,'CARLOS MAURICIO GALVIS ROJAS','Natural','Cedula De Ciudadania','Córdoba',' Montería','TRONCAL DE OCCIDENTE DIAG 31 D No.32 A 25','3245802221','gerencianacionalmercadeo@gmail.com','No Responsable de Iva','No Responsable',90),(106,8014135,0,'FERNEY USUGA ORTEGA','Natural','Cedula De Ciudadania','Seleccionar','Seleccionar','','3208259122','','','',91),(107,14272635,0,'PARRA ALVAREZ PEDRO LUIS','Natural','Cedula De Ciudadania','Bolívar ',' Cartagena','TRONCAL DE OCCIDENTE DIAG 31 D No 32 a 25','3132745400','PEDROLABRUJITA@HOTMAIL.COM','No Responsable de Iva','',92),(108,1083011834,0,'JESUS SEGRERA','Natural','Cedula De Ciudadania','Magdalena',' Santa Marta','DG 31 N32 A 25','3006002292','2222222','No Responsable de Iva','No Responsable',95),(109,1045671766,0,'ETICOS','Natural','Cedula De Ciudadania','Magdalena',' Santa Marta','DIAG 31 D No. 32 A 25','3006848576','','','No Responsable',71),(110,900870105,0,'AK SEGURIDAD ELECTRONICA S.AS','Juridica','NIT','Bolívar ','Seleccionar','TRONCAL DE OCCIDENTE DIAG 31D No.32 A25','3217309096','AKSEGURIDADELECTRONICA@GMAIL.COM','','',101),(111,104277202,0,'DIEGO ADOLFO TERTUA','Natural','Cedula De Ciudadania','Antioquia','Medellín','22222','22222','2222','','',102),(112,91508048,0,'JUAN CARLOS PRADA MORALES','Natural','Cedula De Ciudadania','Bolívar ',' Cartagena','2222','0','2222','','',106),(113,9143691,0,'EDUARDO  ALVARADO','Natural','Cedula De Ciudadania','Arauca',' Arauca','0','0','0','','',108),(114,7369135,0,'JORGE LOPEZ','Natural','Cedula De Ciudadania','Córdoba',' Montería','222','3007979361','22','','',109),(115,7379941,0,'RAFAEL SALGADO','Natural','Cedula De Ciudadania','Córdoba',' Montería','DIAG 31 No.32 A 25','3113658607','','','',110),(116,88256763,0,'GUSTAVO SOTO','Natural','Cedula De Ciudadania','Córdoba',' Montería','0','0','','','',26),(117,900825389,5,'PANIFICADORA MIPAN COLOMBIA S. A. S.','Juridica','NIT','Bolívar ',' Cartagena','DIAG 31 D # 32 A 25','3203417916','PAN@GMAIL.COM','Regimen Comun Persona Juridica','',158),(118,811044490,6,'INGEREDES S.A.S','Juridica','NIT','Antioquia','Medellín','CL 50 71 40 OF 208','6046049802','GERENCIA@INGEREDESSA.COM','','',119),(119,1000756941,0,'MUNERA TORRES DUBAN ESTIBEN','Natural','Cedula De Ciudadania','Bolívar ',' Cartagena','TRONCAL DE OCCIDENTE DIAG 31 D No 32 A 25','3196456009','DUVANMUNERA61@GMAIL.COM','No Responsable de Iva','',115),(120,71318468,0,'JHON ALBEIRO POSADA MURILLO','Natural','Cedula De Ciudadania','Bolívar ',' Cartagena','TRONCAL DE OCCIDENTE  DIAG 31 D No .32 A25','3205417916','NO','','',116),(121,823000655,1,'JESUS BURGOS Y COMPAÑIA S.A.S JAB S.A.S','Juridica','NIT','Atlántico',' Barranquilla','TRONCAL DE OCCIDENTE DIAG 31D No.32 A25','3205417916','JESUSBURGOS@JABITDA.COM','Regimen Comun Persona Juridica','',120),(122,79814277,0,'ALBERTO  CAMPO','Natural','Cedula De Ciudadania','Cundinamarca','Seleccionar','0','3219364796','291012BETO@GMAIL.COM','No Responsable de Iva','',122),(123,10820119,0,'FREDIS MIGUEL ARROEZ','Natural','Cedula De Ciudadania','Atlántico',' Barranquilla','0','3246373598','','','',123),(124,1140840308,0,'LUIS CARLOS DIAZ PARDO','Natural','Cedula De Ciudadania','Atlántico',' Barranquilla','0','3217309096','','','',101),(125,10697608,0,'ANGULO GONZALEZ LUCILIO','Natural','Cedula De Ciudadania','Cauca',' Cali','DIAG31 D #32 A 25','320541796','matias3083@hotmail.com','No Responsable de Iva','No Responsable',121),(126,1003193045,0,'MADRID MONTES JAIDER LUIS','Natural','Cedula De Ciudadania','Bolívar ',' Cartagena','DIAG 31 D No 32 A 25','3187234877','JAIDER1190@HOTMAIL.COM','No Responsable de Iva','',125),(127,1044930066,0,'GUARIN NAVARRO MOISES DAVID','Natural','Cedula De Ciudadania','Sucre',' Sincelejo','DIAG 31 D # 32 A 25','3218660429','GUARINMOISES75@GMAIL.COM','','No Responsable',126),(128,1083029427,0,'HERNADO JOSE  MOGOLLON ROCHA','Natural','Cedula De Ciudadania','Bolívar ',' Cartagena','DIAG 31 D # 32 A 25','3046808596','hernandomogollon@gmail.com','No Responsable de Iva','No Responsable',127),(129,78023313,0,'HERNANDEZ ALTAMIRANDA JERONIMO JOSE','Natural','Cedula De Ciudadania','Córdoba',' Montería','DIAG 31 D # 32 A 25','3205417916','jeroheral@gail.com','No Responsable de Iva','No Responsable',128),(130,1094269713,0,'MARTINEZ RAMON ALIN FABIAN','Natural','Cedula De Ciudadania','Bolívar ',' Cartagena','DIAG 31 D No 32 A 25','3205417916','BOHEMOARQUITECTURA@GMAIL.COM','No Responsable de Iva','',129),(131,73201469,0,'BERNARDO BLANCO TORREZ','Natural','Cedula De Ciudadania','Bolívar ',' Cartagena','0','3233950284','','','',130),(132,900060018,0,'ORGANIZACION LOGISTICA DE TRANSPORTE SANABRIA S.A.','Juridica','NIT','Bolívar ',' Cartagena','AV CL 26 68 C 61 OF 302 CD TORRE CANTRAL DAVIVIENDA','3019371012','FACTURACIONELECTRONICA@OTRANSALT.COM','Regimen Comun Persona Juridica','',137),(133,1098665298,0,'CAMILO ANDELFO BONILLA CASTRO','Natural','Cedula De Ciudadania','Bolívar ',' Cartagena','','3205417916','','','',138),(134,900943201,5,'PROCOVEL S.A.S','Juridica','NIT','Atlántico',' Barranquilla','CR 93 28 95 BRR VALLE LILI','3155183783','jose.velez@hotmail.es','Regimen Comun Persona Juridica','Agente Retención IVA',139),(135,72231061,0,'VICTOR MANUEL HERRERA MALDONADO','Natural','Cedula De Ciudadania','Bolívar ',' Cartagena','DIAG 31 D #32  25','3014031619','herreravictor307@gmail.com','No Responsable de Iva','No Responsable',140),(136,18516656,6,'RUBIO ARIAS MILLER DEIBY','Natural','Cedula De Ciudadania','Antioquia','Medellín','Medellín, CR 87 A 32 46 AP 9903 URB BALCONES DE SALECIA','3054146532','miller80rubio@gmail.com','Regimen Comun Persona Juridica','',141),(137,71785038,0,'WILSON YOVANY ROMERO MONTOYA','Natural','Cedula De Ciudadania','Antioquia','Medellín','dg 31 N° 32 A 25','3205417916','222222','No Responsable de Iva','',144),(138,15172159,0,'OSORIO ALFARO ALEXANDER','Natural','Cedula De Ciudadania','Bolívar ',' Cartagena','DIAG 31 D #32 A 25','3205417916','alexvalledupar@gmail.com','No Responsable de Iva','No Responsable',145),(139,1007382829,0,'ELDER JULIAN GARNICA SISA','Natural','Cedula De Ciudadania','Boyacá','Seleccionar','DIAG 31 D32 A 25','3108500092','elderjgarnicas@gmail.com','No Responsable de Iva','No Responsable',146),(140,1044429953,0,'LUIS ALBERTO MEDINA LEYVA','Natural','Cedula De Ciudadania','Bolívar ',' Cartagena','DIAG 31 D 32 A 25','3003312169','luismedina199408020@gmail.com','No Responsable de Iva','No Responsable',147),(141,1098743515,0,'JHON FREDYS ROCHA ALTAMAR','Natural','Cedula De Ciudadania','Atlántico',' Barranquilla','ROBLES CALLE80 23 B10','3102913172','ROCHAJHON241215@GMAIL.COM','','No Responsable',149),(142,8795944,0,'ORTIZ VANEGAS OSCAR ENRIQUE','Natural','Cedula De Ciudadania','Bolívar ',' Cartagena','DIAG 31D # 32 A 25','3205417916','mirelis126@hotmail.com','','',151),(143,1038545542,0,'PEREZ FUERTE LIZ KATERINE','Natural','Cedula De Ciudadania','Bolívar ',' Cartagena','DIAG 31 D # 32 A 25','3205417916','ALVAROJAVIERCALLE@HOTMAIL.COM','No Responsable de Iva','',152),(144,80774756,0,'JAUWIN FUENTES SALCEDO','Natural','Cedula De Ciudadania','Antioquia','Medellín','DIAG 31 D No .32 A 25','3205417916','','','',159),(145,900414280,0,'ESTELAR ESPRESS','Juridica','NIT','Atlántico',' Barranquilla','DIAG 31 DNo.32 a 25','3205417916','nno','','',160),(146,8854594,0,'EDUARDO ENRIQUE PAYARES','Natural','Cedula De Ciudadania','Bolívar ',' Cartagena','DIAG 31 D No 32 A 25','3205417916','000','No Responsable de Iva','',167),(147,72194219,0,'AMAURIS JOSE CASTILLO','Natural','Cedula De Ciudadania','Bolívar ',' Cartagena','DIAG 31 D No.32 A 25','3205417916','0000','','',168),(148,1051636148,0,'ANDRES ALFONSO CEBALLOS FERIA','Natural','Cedula De Ciudadania','Bolívar ',' Cartagena','DIAG 31 D No.32 a 25','3205417916','00000','No Responsable de Iva','',169),(149,1061364,0,'BUITRAGO SILVA MARIO AGUSTO','Natural','Cedula De Ciudadania','Bolívar ',' Cartagena','DIAG 31 D No.32 a 25','3205417916','oooo','','',170),(150,900518445,0,'INDUCTRIAL DE PINTURAS DE COLOMBIA','Juridica','NIT','Bolívar ',' Cartagena','DIAG 31 D No 32 A 25','3205417916','NO','Regimen Comun Persona Juridica','',172),(151,1102884374,0,'DANILED ALMANZA','Natural','Cedula De Ciudadania','Bolívar ',' Cartagena','DIAG 31D No 32 A 25','3205417916','','No Responsable de Iva','',174),(152,92228991,0,'FRANCO DE LA CRUZ NELSON EUGENIO','Natural','Cedula De Ciudadania','Bolívar ',' Cartagena','DIAG 31 D No 32 A 25','3243095599','NELFRANCO92@HOTMAIL.COM','No Responsable de Iva','',181),(153,80180932,0,'DIEGO FERNANDO GAITAN RAMOS','Natural','Cedula De Ciudadania','Bolívar ',' Cartagena','DIAG 31 D No .32 A 25','3205417916','00000000','No Responsable de Iva','',182),(154,1052079513,0,'KELY JOHANA PELUFFO QUINTANA','Natural','Cedula De Ciudadania','Antioquia',' Barranquilla','DIAG 31D No.32 A25','3205417916','NO','No Responsable de Iva','',183),(155,1063562685,0,'YESSICA YULIETH RODRIGUEZ TORRES','Natural','Cedula De Ciudadania','Bolívar ',' Cartagena','DIAG31 D#32 A 25','3015685357','sairaislan12@gmail.com','No Responsable de Iva','No Responsable',184),(156,1047450720,0,'VICTOR ALFONSO LOZANO ZAGARRA','Natural','Cedula De Ciudadania','Bolívar ',' Cartagena','DIAG31 #32 A 25','3027907560','vlozanoz38@gmail.com','No Responsable de Iva','No Responsable',185),(157,79567473,0,'MARCELO MORALEZ AMAYA','Natural','Cedula De Ciudadania','Bolívar ',' Cartagena','DIAG 31 D No.32 A 25','3205417916','OOOOOO','No Responsable de Iva','',187),(158,85470696,0,'GERMAN MARTINEZ DIAZ','Natural','Cedula De Ciudadania','Atlántico',' Barranquilla','DIAG 31 D No 32   A 25','3205417916','NO','No Responsable de Iva','',188),(159,1103107120,0,'LUIS FERNANDO QUIROZ','Natural','Cedula De Ciudadania','Bolívar ',' Cartagena','DIAG 31 D No 32 A 25','3205417916','OOOO','No Responsable de Iva','',189),(160,73008578,0,'222222222','Natural','Cedula De Ciudadania','Bolívar ',' Cartagena','NO','NO','NO','No Responsable de Iva','No Responsable',190),(161,71220702,0,'andres felipe  arango alvarez','Natural','Cedula De Ciudadania','Bolívar ',' Cartagena','diag31 d #32 a 25','3148319653','andresf0280@hotmail.com','No Responsable de Iva','No Responsable',192),(162,800166199,1,'DELTEC S.A','Juridica','NIT','Valle del Cauca',' Cali','Cali, CR 65 9 30 BRR LIMONAR','3309194','LUZGARCIA@DELTEC.COM.CO','Regimen Comun Persona Juridica','',193),(163,1131071940,0,'SEGEBRE SANABRIA JASSER  RAFAEL','Natural','Cedula De Ciudadania','Atlántico',' Barranquilla','BARRANQUILLA','3156036715','GENEBRESANABRIAYASSERRAFAEL@GMAIL.COM','No Responsable de Iva','No Responsable',194),(164,43598829,0,'RIOS PEREZ CLAUDIA PATRICIA','Natural','Cedula De Ciudadania','Bolívar ',' Cartagena','DIAG31 D #32 A 25','3205417916','clao626@hotmail.com','No Responsable de Iva','No Responsable',191),(165,1052986204,0,'atencio turizo carlos mauro','Natural','Cedula De Ciudadania','Sucre',' Sincelejo','DIAG31 D # 32 A 25','301529153','maocrash07@gmail.com','No Responsable de Iva','No Responsable',195),(166,1007949665,0,'ANCHEZ  PINEDA YIMMY ALEJANDRO','Natural','Cedula De Ciudadania','Bolívar ',' Cartagena','DIAG31D #32 A 25','3157622338','alejadropineda99@outlook.com','No Responsable de Iva','No Responsable',196),(167,5594403,0,'GIL DELGADO  CARLOS AUGUSTO','Natural','Cedula De Ciudadania','Atlántico',' Cartagena','DIAG31 D #32 A 25','315 6908307','carlosgil27@hotmail.com','No Responsable de Iva','No Responsable',197),(168,1096224126,0,'caceres quiñonez roxana','Natural','Cedula De Ciudadania','Bolívar ',' Cartagena','diag 31 d # 32 a 25','3205417916','roxanaroxanacac@hotmai.com','No Responsable de Iva','No Responsable',198),(169,1065612457,0,'GOMEZ CONTRERA KEINER HANSELL','Natural','Cedula De Ciudadania','Bolívar ',' Cartagena','DIAG 31 D No 32 a 25','3015577982','KEINERGOMEZ45@GMAIL.COM','No Responsable de Iva','',201),(170,1049626361,0,'SALAMANCA JIMENEZ FABIAN HUMBERTO','Natural','Cedula De Ciudadania','Bolívar ',' Cartagena','DIAG 31 D No 32 A 25','NO','INGSALAMANCAJIMENEZ@GMAIL.COM','No Responsable de Iva','',200),(171,1054571476,0,'MOJICA PIMIENTA KONIER KENER','Natural','Cedula De Ciudadania','Bolívar ',' Cartagena','DIAG 31 D No 31 a 25','3218740281','koniermojicapimienta@gmail.com','No Responsable de Iva','',199),(172,75094583,0,'JEROBOAN  RAMIREZ RAMIREZ','Natural','Cedula De Ciudadania','Bolívar ',' Cartagena','22','22','22','','',157),(173,1128455998,0,'fvgvrg','Natural','Cedula De Ciudadania','Antioquia','Medellín','tgtgtr','4444','2222','No Responsable de Iva','',48),(174,1003250407,0,'DIOMAR PEÑARALDA','Natural','Cedula De Ciudadania','Bolívar ',' Cartagena','2222','2222','222','','',50);
/*!40000 ALTER TABLE `factura_electronica` ENABLE KEYS */;
UNLOCK TABLES;

--
-- Table structure for table `habitacion`
--

DROP TABLE IF EXISTS `habitacion`;
/*!40101 SET @saved_cs_client     = @@character_set_client */;
/*!50503 SET character_set_client = utf8mb4 */;
CREATE TABLE `habitacion` (
  `idHabitacion` int NOT NULL AUTO_INCREMENT,
  `numero` varchar(45) NOT NULL,
  `piso` varchar(4) NOT NULL,
  `descripcion` varchar(255) DEFAULT NULL,
  `caracteristicas` varchar(200) DEFAULT NULL,
  `precio` int NOT NULL,
  `estado` varchar(15) DEFAULT NULL,
  `tipohabitacion` varchar(25) DEFAULT NULL,
  PRIMARY KEY (`idHabitacion`)
) ENGINE=InnoDB AUTO_INCREMENT=359 DEFAULT CHARSET=utf8mb3;
/*!40101 SET character_set_client = @saved_cs_client */;

--
-- Dumping data for table `habitacion`
--

LOCK TABLES `habitacion` WRITE;
/*!40000 ALTER TABLE `habitacion` DISABLE KEYS */;
INSERT INTO `habitacion` VALUES (323,'1','1','1 Cama','Sencilla',70000,'Reserva','Individual'),(324,'2','1','1 Cama','Sencilla',70000,'Reserva','Individual'),(325,'3','1','1 Cama','Sencilla',70000,'Disponible','Individual'),(326,'4','1','1 Cama','Sencilla',70000,'Disponible','Individual'),(327,'5','1','1 Cama','Sencilla',70000,'Ocupado','Individual'),(328,'6','1','1 Cama','Sencilla',70000,'Disponible','Individual'),(329,'8','1','1 Cama','Doble',85000,'Disponible','Doble'),(331,'9','1','1 Cama','Sencilla',70000,'Ocupado','Individual'),(332,'10','1','2 Camas','Sencillas',96000,'Disponible','Doble'),(333,'11','1','1 Cama','Sencilla',70000,'Ocupado','Individual'),(334,'12','1','1 Cama','Sencilla',70000,'Reserva','Individual'),(335,'21','2','2 Camas','Sencillas',96000,'Disponible','Doble'),(336,'22','2','2 Camas','Sencillas',96000,'Disponible','Doble'),(337,'23','2','2 Camas','Doble Sencilla',145000,'Disponible','Doble'),(338,'24','2','2 Camas','Sencillas',96000,'Disponible','Doble'),(339,'25','2','2 Camas','Sencillas',96000,'Disponible','Doble'),(340,'26','2','2 Camas','Sencillas',96000,'Reserva','Doble'),(341,'27','2','2 Camas','Sencillas',96000,'Disponible','Doble'),(342,'28','2','2 Camas','Sencillas',96000,'Disponible','Doble'),(343,'29','2','2 Camas','Doble Sencilla',145000,'Disponible','Doble'),(344,'210','2','2 Camas','Sencillas',96000,'Disponible','Doble'),(345,'211','2','3 Camas','Sencillas',140000,'Disponible','Triple'),(346,'31','3','1 Cama Qeen','Doble',95000,'Disponible','Doble'),(347,'32','3','1 Cama','Doble',155000,'Ocupado','Doble'),(348,'33','3','1 Cama','Doble',90000,'Disponible','Doble'),(349,'34','3','1 Cama','Doble',90000,'Disponible','Doble'),(350,'35','3','1 Cama','Doble',90000,'Disponible','Doble'),(351,'36','3','1 Cama','Doble',95000,'Disponible','Doble'),(352,'37','3','3 Camas','Sencillas',150000,'Disponible','Triple'),(353,'38','3','1 Cama Qeen','Doble',95000,'Disponible','Doble'),(354,'39','3','1 Cama Qeen','Doble',95000,'Disponible','Doble'),(355,'310','3','1 Cama','Doble',90000,'Disponible','Doble'),(356,'311','3','1 Cama','Doble',90000,'Disponible','Doble'),(357,'312','3','3 Camas','Doble Sencilla',190000,'Disponible','Triple'),(358,'7','1','1 Cama','Sencilla',70000,'Ocupado','Individual');
/*!40000 ALTER TABLE `habitacion` ENABLE KEYS */;
UNLOCK TABLES;

--
-- Table structure for table `ingreso`
--

DROP TABLE IF EXISTS `ingreso`;
/*!40101 SET @saved_cs_client     = @@character_set_client */;
/*!50503 SET character_set_client = utf8mb4 */;
CREATE TABLE `ingreso` (
  `idingreso` int NOT NULL AUTO_INCREMENT,
  `idhabitacion` int NOT NULL,
  `idcliente` int NOT NULL,
  `fecha_hora_ingreso` varchar(45) NOT NULL,
  `num_personas` int NOT NULL,
  `tipo_cliente` varchar(45) NOT NULL,
  `costoalojamiento` int NOT NULL,
  `motivo_viaje` varchar(45) DEFAULT NULL,
  `estado` varchar(45) NOT NULL,
  `ciudad_de_recidencia` varchar(100) DEFAULT NULL,
  `ciudad_de_procedencia` varchar(100) DEFAULT NULL,
  `num_habitacion` int NOT NULL,
  `documento` varchar(45) DEFAULT NULL,
  `tipo_documento` varchar(45) DEFAULT NULL,
  `tipo_habitacion` varchar(45) DEFAULT NULL,
  `idinicioturno` int DEFAULT NULL,
  `turno` varchar(45) DEFAULT NULL,
  `num_turno` int DEFAULT NULL,
  PRIMARY KEY (`idingreso`),
  UNIQUE KEY `idingreso_UNIQUE` (`idingreso`),
  KEY `fk_ingreso_cliente_idx` (`idcliente`),
  CONSTRAINT `fk_ingreso_cliente` FOREIGN KEY (`idcliente`) REFERENCES `cliente` (`idcliente`)
) ENGINE=InnoDB AUTO_INCREMENT=249 DEFAULT CHARSET=utf8mb4 COLLATE=utf8mb4_0900_ai_ci;
/*!40101 SET character_set_client = @saved_cs_client */;

--
-- Dumping data for table `ingreso`
--

LOCK TABLES `ingreso` WRITE;
/*!40000 ALTER TABLE `ingreso` DISABLE KEYS */;
INSERT INTO `ingreso` VALUES (46,314,47,'13-08-2024 03:13 PM',1,'General',70000,'no aplica motivo','Finalizado','cartagena','cartagena',1,'72229162','Seleccionar','',NULL,NULL,NULL),(48,315,38,'15-08-2024 03:34 PM',1,'General',70000,'no aplica motivo','Finalizado','c','c',8,'1047482849','Seleccionar','',NULL,NULL,NULL),(49,317,52,'22-08-2024 06:58 PM',1,'General',96000,'no aplica motivo','Finalizado','c','c',22,'1140819787','Cedula de ciudadania','Doble',NULL,NULL,NULL),(50,318,48,'23-08-2024 07:59 PM',1,'General',70000,'no aplica motivo','Finalizado','c','c',24,'1128455998','Cedula de ciudadania','',NULL,NULL,NULL),(51,319,50,'23-08-2024 08:16 PM',1,'General',70000,'no aplica motivo','Finalizado','c','c',25,'1003250407','Cedula de ciudadania','Doble',NULL,NULL,NULL),(52,316,52,'23-08-2024 08:24 PM',1,'General',96000,'no aplica motivo','Finalizado','no','no',21,'1140819787','Cedula de ciudadania','Doble',NULL,NULL,NULL),(53,317,47,'23-08-2024 08:36 PM',2,'General',96000,'no aplica motivo','Finalizado','ed','ede',22,'72229162','Cedula de ciudadania','Doble',NULL,NULL,NULL),(54,320,38,'23-08-2024 08:47 PM',3,'General',96000,'no aplica motivo','Finalizado','cc','cc',26,'1047482849','Seleccionar','',NULL,NULL,NULL),(55,317,47,'26-08-2024 03:24 PM',1,'General',70000,'no aplica motivo','Finalizado','c','c',22,'72229162','Cedula de ciudadania','Doble',NULL,NULL,NULL),(56,316,48,'26-08-2024 04:24 PM',1,'General',70000,'no aplica motivo','Finalizado','b','b',21,'1128455998','Cedula de ciudadania','Doble',NULL,NULL,NULL),(57,348,54,'29-08-2024 03:22 PM',1,'General',90000,'no aplica motivo','Finalizado','NO','NO',33,'608300036000','Cedula de extragria','Doble',NULL,NULL,NULL),(58,323,55,'29-08-2024 03:41 PM',1,'General',70000,'no aplica motivo','Finalizado','medellin ','medellin ',1,'1016032758','Cedula de ciudadania','Individual',NULL,NULL,NULL),(59,330,56,'29-08-2024 04:34 PM',1,'General',70000,'NEGOCIOS ','Finalizado','MEDELLIN','MEDELLIN',8,'1002085242','Cedula de ciudadania','Doble',NULL,NULL,NULL),(60,324,57,'29-08-2024 10:15 AM',1,'General',70000,'Negocios y motivos profesionales','Finalizado',' Medellín - Antioquia ',' Medellín - Antioquia ',2,'98576982','Cedula de ciudadania','Individual',NULL,NULL,NULL),(61,327,58,'29-08-2024 10:25 AM',1,'General',70000,'Negocios y motivos profesionales','Finalizado',' Bogotá, D.C. - Bogotá, D.C. ',' Bogotá, D.C. - Bogotá, D.C. ',5,'80033485','Cedula de ciudadania','Individual',NULL,NULL,NULL),(62,329,59,'29-08-2024 01:12 PM',1,'General',85000,'Negocios y motivos profesionales','Finalizado',' Medellín - Antioquia ',' Medellín - Antioquia ',7,'1069472337','Cedula de ciudadania','Doble',NULL,NULL,NULL),(63,331,61,'29-08-2024 01:12 PM',1,'General',70000,'Negocios y motivos profesionales','Finalizado',' Medellín - Antioquia ',' Medellín - Antioquia ',9,'9024613','Cedula de ciudadania','Individual',NULL,NULL,NULL),(64,332,62,'29-08-2024 01:12 PM',1,'General',70000,'Negocios y motivos profesionales','Finalizado',' Medellín - Antioquia ',' Medellín - Antioquia ',10,'1040734917','Cedula de ciudadania','Individual',NULL,NULL,NULL),(65,334,63,'29-08-2024 01:12 PM',1,'General',70000,'Negocios y motivos profesionales','Finalizado',' Medellín - Antioquia ',' Medellín - Antioquia ',12,'3483236','Cedula de ciudadania','Individual',NULL,NULL,NULL),(66,335,65,'29-08-2024 01:12 PM',1,'General',70000,'Negocios y motivos profesionales','Finalizado',' Medellín - Antioquia ',' Medellín - Antioquia ',21,'98632946','Cedula de ciudadania','Doble',NULL,NULL,NULL),(67,340,66,'29-08-2024 01:12 PM',2,'General',96000,'Negocios y motivos profesionales','Finalizado',' Medellín - Antioquia ',' Medellín - Antioquia ',26,'72329622','Cedula de ciudadania','Doble',NULL,NULL,NULL),(68,345,68,'29-08-2024 01:12 PM',3,'General',140000,'Negocios y motivos profesionales','Finalizado',' Medellín - Antioquia ',' Medellín - Antioquia ',211,'1044612971','Cedula de ciudadania','Triple',NULL,NULL,NULL),(69,355,67,'29-08-2024 01:12 PM',1,'General',90000,'Negocios y motivos profesionales','Finalizado',' Medellín - Antioquia ',' Medellín - Antioquia ',310,'1082944191','Cedula de ciudadania','Doble',NULL,NULL,NULL),(70,325,70,'29-08-2024 01:12 PM',1,'General',70000,'Negocios y motivos profesionales','Finalizado',' Medellín - Antioquia ',' Medellín - Antioquia ',3,'1131109375','Cedula de ciudadania','Individual',NULL,NULL,NULL),(71,336,71,'29-08-2024 01:12 PM',2,'General',96000,'Negocios y motivos profesionales','Finalizado',' Medellín - Antioquia ',' Medellín - Antioquia ',22,'1045671766','Cedula de ciudadania','Doble',NULL,NULL,NULL),(72,341,72,'29-08-2024 01:12 PM',2,'General',96000,'Negocios y motivos profesionales','Finalizado',' Medellín - Antioquia ',' Medellín - Antioquia ',27,'72244728','Cedula de ciudadania','Doble',NULL,NULL,NULL),(73,339,72,'30-08-2024 02:56 PM',2,'General',96000,'Negocios y motivos profesionales','Finalizado',' Medellín - Antioquia ',' Medellín - Antioquia ',25,'72244728','Cedula de ciudadania','Doble',NULL,NULL,NULL),(74,349,73,'30-08-2024 02:56 PM',2,'General',90000,'Negocios y motivos profesionales','Finalizado',' Santa Rosa Del Sur - Bolívar ',' Santa Rosa Del Sur - Bolívar ',34,'45621214','Cedula de ciudadania','Doble',NULL,NULL,NULL),(75,323,74,'30-08-2024 02:56 PM',1,'General',70000,'Negocios y motivos profesionales','Finalizado',' Cali - Valle Del Cauca ',' Cali - Valle Del Cauca ',1,'2753697','Cedula de ciudadania','Individual',NULL,NULL,NULL),(76,326,75,'27-08-2024 04:16 PM',1,'General',70000,'Negocios y motivos profesionales','Finalizado',' Cali - Valle Del Cauca ',' Cali - Valle Del Cauca ',4,'1045728235','Cedula de ciudadania','Individual',NULL,NULL,NULL),(77,330,76,'31-08-2024 11:03 AM',1,'General',70000,'Seleccionar','Finalizado','Seleccionar ','Seleccionar ',8,'71944461','Cedula de ciudadania','Doble',NULL,NULL,NULL),(78,331,78,'31-08-2024 11:03 AM',1,'General',70000,'Seleccionar','Finalizado','Seleccionar ','Seleccionar ',9,'1048320785','Cedula de ciudadania','Individual',NULL,NULL,NULL),(79,350,79,'31-08-2024 11:03 AM',2,'General',90000,'Seleccionar','Finalizado','Seleccionar ','Seleccionar ',35,'79711588','Cedula de ciudadania','Doble',NULL,NULL,NULL),(80,355,80,'31-08-2024 11:36 AM',2,'General',90000,'Seleccionar','Finalizado',' Cartagena De Indias - Bolívar ',' Cartagena De Indias - Bolívar ',310,'73159647','Cedula de ciudadania','Doble',NULL,NULL,NULL),(81,334,74,'31-08-2024 12:31 PM',1,'General',70000,'Seleccionar','Finalizado','Seleccionar ','Seleccionar ',12,'2753697','Cedula de ciudadania','Individual',NULL,NULL,NULL),(82,324,58,'31-08-2024 01:20 PM',1,'General',70000,'Seleccionar','Finalizado','Seleccionar ','Seleccionar ',2,'80033485','Cedula de ciudadania','Individual',NULL,NULL,NULL),(83,348,81,'31-08-2024 05:39 PM',2,'General',90000,'Otros motivos','Finalizado',' Cartagena De Indias - Bolívar ',' Cartagena De Indias - Bolívar ',33,'1047375988 ','Seleccionar','',NULL,NULL,NULL),(84,351,82,'31-08-2024 06:42 PM',2,'General',95000,'Otros motivos','Finalizado',' Cartagena De Indias - Bolívar ',' Cartagena De Indias - Bolívar ',36,'84043563','Cedula de ciudadania','Doble',NULL,NULL,NULL),(85,325,83,'31-08-2024 11:36 PM',1,'General',70000,'Otros motivos','Finalizado',' Cartagena De Indias - Bolívar ',' Cartagena De Indias - Bolívar ',3,'71705242','Cedula de ciudadania','Individual',NULL,NULL,NULL),(86,332,59,'01-09-2024 05:17 PM',1,'General',70000,'Negocios y motivos profesionales','Finalizado',' Magangué - Bolívar ',' Magangué - Bolívar ',10,'1069472337','Cedula de ciudadania','Individual',NULL,NULL,NULL),(87,331,84,'01-09-2024 06:51 PM',1,'General',70000,'Negocios y motivos profesionales','Finalizado',' Bogotá, D.C. - Bogotá, D.C. ',' Bogotá, D.C. - Bogotá, D.C. ',9,'79745242','Tarjeta de identidad','Individual',NULL,NULL,NULL),(88,348,85,'01-09-2024 09:01 PM',2,'General',90000,'Otros motivos','Finalizado',' Aguachica - Cesar ',' Aguachica - Cesar ',33,'87944109','Cedula de ciudadania','Doble',NULL,NULL,NULL),(89,325,87,'02-09-2024 12:30 AM',1,'General',70000,'Negocios y motivos profesionales','Finalizado',' Bogotá, D.C. - Bogotá, D.C. ',' Bogotá, D.C. - Bogotá, D.C. ',3,'3043210','Cedula de ciudadania','Individual',NULL,NULL,NULL),(90,336,88,'02-09-2024 01:45 AM',2,'General',96000,'Vacaciones, recreo y ocio','Finalizado',' Barranquilla - Atlántico ',' Barranquilla - Atlántico ',22,'92028273','Cedula de ciudadania','Doble',NULL,NULL,NULL),(91,349,90,'02-09-2024 11:40 AM',2,'General',90000,'Otros motivos','Finalizado',' Montería - Córdoba ',' Montería - Córdoba ',34,'91264223','Cedula de ciudadania','Doble',NULL,NULL,NULL),(92,331,91,'02-09-2024 05:23 PM',1,'General',70000,'Negocios y motivos profesionales','Finalizado',' Rionegro - Antioquia ',' Rionegro - Antioquia ',9,'8014135','Cedula de ciudadania','Individual',NULL,NULL,NULL),(93,327,92,'02-09-2024 05:29 PM',1,'General',70000,'Negocios y motivos profesionales','Finalizado',' Montería - Córdoba ',' Montería - Córdoba ',5,'14272635','Cedula de ciudadania','Individual',NULL,NULL,NULL),(94,326,81,'02-09-2024 07:13 PM',1,'General',70000,'Negocios y motivos profesionales','Finalizado',' El Carmen De Bolívar - Bolívar ',' El Carmen De Bolívar - Bolívar ',4,'1047375988 ','Cedula de ciudadania','Individual',NULL,NULL,NULL),(95,332,88,'02-09-2024 07:39 PM',1,'General',70000,'Negocios y motivos profesionales','Finalizado',' Arjona - Bolívar ',' Arjona - Bolívar ',10,'92028273','Cedula de ciudadania','Individual',NULL,NULL,NULL),(96,348,95,'02-09-2024 09:41 PM',1,'General',90000,'Negocios y motivos profesionales','Finalizado',' Santa Marta - Magdalena ',' Santa Marta - Magdalena ',33,'1083011834','Cedula de ciudadania','Doble',NULL,NULL,NULL),(97,336,71,'03-09-2024 04:21 AM',2,'General',96000,'Negocios y motivos profesionales','Finalizado',' Santa Marta - Magdalena ',' Santa Marta - Magdalena ',22,'1045671766','Cedula de ciudadania','Doble',NULL,NULL,NULL),(98,323,97,'03-09-2024 04:30 PM',1,'General',70000,'Negocios y motivos profesionales','Finalizado',' Barranquilla - Atlántico ',' Barranquilla - Atlántico ',1,'1128408251','Cedula de ciudadania','Individual',NULL,NULL,NULL),(100,324,99,'03-09-2024 05:17 PM',1,'General',70000,'Negocios y motivos profesionales','Finalizado',' Barranquilla - Atlántico ',' Barranquilla - Atlántico ',2,'1101446536','Cedula de ciudadania','Individual',NULL,NULL,NULL),(101,339,101,'03-09-2024 07:38 PM',2,'General',96000,'Negocios y motivos profesionales','Finalizado',' Acevedo - Huila ',' Acevedo - Huila ',25,'1140840308','Cedula de ciudadania','Doble',NULL,NULL,NULL),(103,348,102,'03-09-2024 09:56 PM',1,'General',90000,'Negocios y motivos profesionales','Finalizado',' Alvarado - Tolima ',' Ábrego - Norte De Santander ',33,'104277202','Cedula de ciudadania','Doble',NULL,NULL,NULL),(104,332,106,'03-09-2024 01:43 AM',1,'General',70000,'Negocios y motivos profesionales','Finalizado',' Achí - Bolívar ',' Achí - Bolívar ',10,'91508048','Cedula de ciudadania','Individual',NULL,NULL,NULL),(105,345,108,'03-09-2024 01:55 AM',3,'General',140000,'Negocios y motivos profesionales','Finalizado','Seleccionar ','Seleccionar ',211,'9143691','Cedula de ciudadania','Triple',NULL,NULL,NULL),(106,341,109,'03-09-2024 03:14 AM',1,'General',70000,'Negocios y motivos profesionales','Finalizado',' Montería - Córdoba ',' Montería - Córdoba ',27,'7369135','Seleccionar','Doble',NULL,NULL,NULL),(107,342,110,'03-09-2024 03:26 AM',1,'General',70000,'Negocios y motivos profesionales','Finalizado',' Sahagún - Córdoba ',' Sahagún - Córdoba ',28,'7379941','Seleccionar','Doble',NULL,NULL,NULL),(108,335,112,'03-09-2024 08:18 AM',2,'General',96000,'Negocios y motivos profesionales','Finalizado',' Montería - Córdoba ',' Montería - Córdoba ',21,'18924563','Cedula de ciudadania','Doble',NULL,NULL,NULL),(109,340,111,'03-09-2024 08:24 AM',1,'General',70000,'Negocios y motivos profesionales','Finalizado',' Montería - Córdoba ',' Montería - Córdoba ',26,'88256763','Cedula de ciudadania','Doble',NULL,NULL,NULL),(110,326,114,'04-09-2024 01:34 PM',1,'General',70000,'Negocios y motivos profesionales','Finalizado',' Planeta Rica - Córdoba ',' Planeta Rica - Córdoba ',4,'1118851822','Cedula de ciudadania','Individual',NULL,NULL,NULL),(111,330,115,'04-09-2024 01:39 PM',1,'General',70000,'Negocios y motivos profesionales','Finalizado',' Medellín - Antioquia ',' Medellín - Antioquia ',8,'1000756941','Cedula de ciudadania','Doble',NULL,NULL,NULL),(112,351,116,'04-09-2024 01:48 PM',1,'General',95000,'Negocios y motivos profesionales','Finalizado',NULL,NULL,36,'71318468','Cedula de ciudadania','Doble',NULL,NULL,NULL),(113,335,56,'04-09-2024 05:29 PM',1,'General',70000,'Negocios y motivos profesionales','Finalizado',' Barranquilla - Atlántico ',' Barranquilla - Atlántico ',21,'1002085242','Cedula de ciudadania','Doble',NULL,NULL,NULL),(114,323,118,'04-09-2024 07:46 PM',1,'General',70000,'Negocios y motivos profesionales','Finalizado',' Barranquilla - Atlántico ',' Barranquilla - Atlántico ',1,'1043872690','Cedula de ciudadania','Individual',NULL,NULL,NULL),(115,327,119,'04-09-2024 08:27 PM',1,'General',70000,'Negocios y motivos profesionales','Finalizado',' Barranquilla - Atlántico ',' Barranquilla - Atlántico ',5,'1043006821','Tarjeta de identidad','Individual',NULL,NULL,NULL),(116,342,120,'04-09-2024 08:36 PM',1,'General',70000,'Negocios y motivos profesionales','Finalizado',' Barranquilla - Atlántico ',' Barranquilla - Atlántico ',28,'15620346','Cedula de ciudadania','Doble',NULL,NULL,NULL),(117,348,121,'05-09-2024 12:46 AM',1,'General',90000,'Vacaciones, recreo y ocio','Finalizado',' Cali - Valle Del Cauca ',' Bogotá, D.C. - Bogotá, D.C. ',33,'10697608','Cedula de ciudadania','Doble',NULL,NULL,NULL),(118,350,122,'05-09-2024 01:29 AM',1,'General',90000,'Vacaciones, recreo y ocio','Finalizado',NULL,' Bogotá, D.C. - Bogotá, D.C. ',35,'79814277','Cedula de ciudadania','Doble',NULL,NULL,NULL),(119,341,123,'05-09-2024 01:41 AM',1,'General',96000,'Negocios y motivos profesionales','Finalizado',' Barranquilla - Atlántico ',' Barranquilla - Atlántico ',27,'10820119','Cedula de ciudadania','Doble',NULL,NULL,NULL),(120,332,121,'05-09-2024 10:20 AM',1,'General',70000,'Educación y formación','Finalizado',' Cali - Valle Del Cauca ',' Cali - Valle Del Cauca ',10,'10697608','Cedula de ciudadania','Individual',NULL,NULL,NULL),(121,344,119,'05-09-2024 10:36 AM',1,'General',70000,'Negocios y motivos profesionales','Finalizado',' Barranquilla - Atlántico ',' Barranquilla - Atlántico ',210,'1043006821','Tarjeta de identidad','Doble',NULL,NULL,NULL),(122,324,122,'05-09-2024 10:51 AM',1,'General',70000,'Negocios y motivos profesionales','Finalizado',' Bogotá, D.C. - Bogotá, D.C. ',' Bogotá, D.C. - Bogotá, D.C. ',2,'79814277','Cedula de ciudadania','Individual',NULL,NULL,NULL),(123,339,124,'05-09-2024 06:36 PM',2,'General',96000,'Negocios y motivos profesionales','Finalizado',' Bogotá, D.C. - Bogotá, D.C. ',' Bogotá, D.C. - Bogotá, D.C. ',25,'1024483628','Cedula de ciudadania','Doble',NULL,NULL,NULL),(124,335,75,'05-09-2024 09:26 PM',1,'General',70000,'Negocios y motivos profesionales','Finalizado','Cartagena De Indias - Bolívar','Cartagena De Indias - Bolívar',21,'1045728235','Cedula de ciudadania','Doble',NULL,NULL,NULL),(125,336,71,'06-09-2024 12:00 AM',2,'General',96000,'Seleccionar','Finalizado','Seleccionar','Seleccionar',22,'1045671766','Cedula de ciudadania','Doble',NULL,NULL,NULL),(126,330,125,'06-09-2024 11:39 AM',1,'General',70000,'Negocios y motivos profesionales','Finalizado','Cereté - Córdoba','Cereté - Córdoba',8,'1003193045','Cedula de ciudadania','Doble',NULL,NULL,NULL),(127,346,126,'06-09-2024 04:01 PM',2,'General',95000,'Otros motivos','Finalizado','Sincelejo - Sucre','Sincelejo - Sucre',31,'1044930066','Cedula de ciudadania','Doble',NULL,NULL,NULL),(128,326,127,'06-09-2024 05:50 PM',1,'General',70000,'Otros motivos','Finalizado','Barranquilla - Atlántico','Barranquilla - Atlántico',4,'1083029427','Cedula de ciudadania','Individual',NULL,NULL,NULL),(129,335,75,'06-09-2024 06:52 PM',1,'General',70000,'Otros motivos','Finalizado','Seleccionar','Seleccionar',21,'1045728235','Cedula de ciudadania','Doble',NULL,NULL,NULL),(130,337,128,'06-09-2024 07:45 PM',3,'General',145000,'Vacaciones, recreo y ocio','Finalizado','Seleccionar','Seleccionar',23,'78023313','Cedula de ciudadania','Doble',NULL,NULL,NULL),(131,341,129,'07-09-2024 10:15 AM',2,'General',96000,'Negocios y motivos profesionales','Finalizado','Pamplona - Norte De Santander','Pamplona - Norte De Santander',27,'1094269713','Cedula de ciudadania','Doble',NULL,NULL,NULL),(132,348,130,'07-09-2024 05:15 PM',2,'General',90000,'Negocios y motivos profesionales','Finalizado','Seleccionar','Seleccionar',33,'73201469','Cedula de ciudadania','Doble',NULL,NULL,NULL),(133,336,131,'07-09-2024 09:20 PM',1,'General',70000,'Negocios y motivos profesionales','Finalizado','Medellín - Antioquia','Medellín - Antioquia',22,'70856474','Cedula de ciudadania','Doble',NULL,NULL,NULL),(135,335,133,'08-09-2024 05:55 AM',1,'General',70000,'Negocios y motivos profesionales','Finalizado','Medellín - Antioquia','Medellín - Antioquia',21,'1143372749','Cedula de ciudadania','Doble',NULL,NULL,NULL),(136,350,134,'08-09-2024 06:24 AM',2,'General',90000,'Negocios y motivos profesionales','Finalizado','Seleccionar','Seleccionar',35,'1053000999','Cedula de ciudadania','Doble',NULL,NULL,NULL),(137,351,135,'08-09-2024 06:26 AM',2,'General',95000,'Negocios y motivos profesionales','Finalizado','Barranquilla - Atlántico','Barranquilla - Atlántico',36,'1052946822','Cedula de ciudadania','Doble',NULL,NULL,NULL),(138,355,136,'08-09-2024 06:33 AM',2,'General',90000,'Negocios y motivos profesionales','Finalizado','San Andrés - Archipiélago De San Andrés, Providencia Y Santa Catalina','San Andrés - Archipiélago De San Andrés, Providencia Y Santa Catalina',310,'79427708','Cedula de ciudadania','Doble',NULL,NULL,NULL),(140,326,137,'08-09-2024 09:24 AM',1,'General',70000,'Negocios y motivos profesionales','Finalizado','Tibasosa - Boyacá','Tibasosa - Boyacá',4,'4277550','Cedula de ciudadania','Individual',NULL,NULL,NULL),(141,332,138,'08-09-2024 03:31 PM',1,'General',70000,'Negocios y motivos profesionales','Finalizado','Cartagena De Indias - Bolívar','Turbaná - Bolívar',10,'1098665298','Cedula de ciudadania','Individual',NULL,NULL,NULL),(142,335,88,'09-09-2024 05:18 AM',2,'General',96000,'Negocios y motivos profesionales','Finalizado','Sincelejo - Sucre','Sincelejo - Sucre',21,'92028273','Cedula de ciudadania','Doble',NULL,NULL,NULL),(143,325,139,'09-09-2024 05:38 AM',1,'General',70000,'Negocios y motivos profesionales','Finalizado','Barranquilla - Atlántico','Barranquilla - Atlántico',3,'1143123947','Cedula de ciudadania','Individual',NULL,NULL,NULL),(144,326,140,'09-09-2024 05:50 PM',1,'General',70000,'Negocios y motivos profesionales','Finalizado','Barranquilla - Atlántico','Barranquilla - Atlántico',4,'72231061','Cedula de ciudadania','Individual',NULL,NULL,NULL),(145,354,141,'09-09-2024 07:24 PM',2,'General',95000,'Negocios y motivos profesionales','Finalizado','Medellín - Antioquia','Medellín - Antioquia',39,'18516656','Cedula de ciudadania','Doble',NULL,NULL,NULL),(146,334,142,'09-09-2024 07:32 PM',1,'General',70000,'Negocios y motivos profesionales','Finalizado','Bucaramanga - Santander','Bucaramanga - Santander',12,'10142282','Cedula de ciudadania','Individual',NULL,NULL,NULL),(147,324,143,'09-09-2024 08:04 PM',1,'General',70000,'Negocios y motivos profesionales','Finalizado','Barranquilla - Atlántico','Barranquilla - Atlántico',2,'1129581248','Cedula de ciudadania','Individual',NULL,NULL,NULL),(150,336,71,'10-09-2024 04:54 AM',2,'General',96000,'Negocios y motivos profesionales','Finalizado','Barranquilla - Atlántico','Barranquilla - Atlántico',22,'1045671766','Cedula de ciudadania','Doble',NULL,NULL,NULL),(151,329,144,'10-09-2024 05:10 AM',1,'General',85000,'Negocios y motivos profesionales','Finalizado','Medellín - Antioquia','Medellín - Antioquia',7,'71785038','Cedula de ciudadania','Doble',NULL,NULL,NULL),(154,358,144,'10-09-2024 11:16 AM',1,'General',70000,'Negocios y motivos profesionales','Finalizado','Medellín - Antioquia','Medellín - Antioquia',7,'71785038','Cedula de ciudadania','Individual',NULL,NULL,NULL),(155,348,145,'10-09-2024 04:09 PM',2,'General',90000,'Negocios y motivos profesionales','Finalizado','Barranquilla - Atlántico','Barranquilla - Atlántico',33,'15172159','Cedula de ciudadania','Doble',NULL,NULL,NULL),(156,326,146,'10-09-2024 06:05 PM',1,'General',70000,'Negocios y motivos profesionales','Finalizado','Sogamoso - Boyacá','Sogamoso - Boyacá',4,'1007382829','Cedula de ciudadania','Individual',NULL,NULL,NULL),(158,324,147,'10-09-2024 06:11 PM',1,'General',70000,'Negocios y motivos profesionales','Finalizado','Barranquilla - Atlántico','Barranquilla - Atlántico',2,'1044429953','Cedula de ciudadania','Individual',NULL,NULL,NULL),(159,334,148,'10-09-2024 06:15 PM',1,'General',70000,'Negocios y motivos profesionales','Finalizado','Barranquilla - Atlántico','Barranquilla - Atlántico',12,'1045727332','Cedula de ciudadania','Individual',NULL,NULL,NULL),(160,358,76,'10-09-2024 06:51 PM',1,'General',70000,'Negocios y motivos profesionales','Finalizado','Medellín - Antioquia','Medellín - Antioquia',7,'71944461','Cedula de ciudadania','Individual',NULL,NULL,NULL),(161,323,92,'10-09-2024 08:16 PM',1,'General',70000,'Negocios y motivos profesionales','Finalizado','Montería - Córdoba','Montería - Córdoba',1,'14272635','Cedula de ciudadania','Individual',NULL,NULL,NULL),(162,332,149,'10-09-2024 09:23 PM',1,'General',70000,'Negocios y motivos profesionales','Finalizado','Barranquilla - Atlántico','San Pablo - Bolívar',10,'1098743515','Cedula de ciudadania','Doble',NULL,NULL,NULL),(163,323,97,'11-09-2024 03:57 PM',1,'General',70000,'Negocios y motivos profesionales','Finalizado','Barranquilla - Atlántico','Barranquilla - Atlántico',1,'1128408251','Cedula de ciudadania','Individual',NULL,NULL,NULL),(164,324,150,'11-09-2024 04:22 PM',1,'General',70000,'Seleccionar','Finalizado','Medellín - Antioquia','Medellín - Antioquia',2,'79764812','Cedula de ciudadania','Individual',NULL,NULL,NULL),(165,334,151,'11-09-2024 04:40 PM',1,'General',70000,'Seleccionar','Finalizado','Barranquilla - Atlántico','Barranquilla - Atlántico',12,'8795944','Cedula de ciudadania','Individual',NULL,NULL,NULL),(166,337,152,'11-09-2024 04:45 PM',3,'General',145000,'Salud y atención médica','Finalizado','Montelíbano - Córdoba','Montelíbano - Córdoba',23,'1038545542','Cedula de ciudadania','Doble',NULL,NULL,NULL),(167,326,153,'11-09-2024 04:57 PM',1,'General',70000,'Negocios y motivos profesionales','Finalizado','Barranquilla - Atlántico','Barranquilla - Atlántico',4,'1045700171','Cedula de ciudadania','Individual',NULL,NULL,NULL),(168,325,154,'11-09-2024 05:06 PM',1,'General',70000,'Negocios y motivos profesionales','Finalizado','Barranquilla - Atlántico','Barranquilla - Atlántico',3,'1011026134','Cedula de ciudadania','Individual',NULL,NULL,NULL),(169,358,155,'11-09-2024 05:10 PM',1,'General',70000,'Negocios y motivos profesionales','Finalizado','Barranquilla - Atlántico','Barranquilla - Atlántico',7,'8816113','Cedula de ciudadania','Individual',NULL,NULL,NULL),(170,349,156,'11-09-2024 06:06 PM',1,'General',90000,'Negocios y motivos profesionales','Finalizado','Bogotá, D.C. - Bogotá, D.C.','Bogotá, D.C. - Bogotá, D.C.',34,'52057141','Cedula de ciudadania','Doble',NULL,NULL,NULL),(171,350,157,'11-09-2024 06:13 PM',1,'General',90000,'Negocios y motivos profesionales','Finalizado','Bogotá, D.C. - Bogotá, D.C.','Bogotá, D.C. - Bogotá, D.C.',35,'75094583','Cedula de ciudadania','Doble',NULL,NULL,NULL),(172,355,158,'11-09-2024 10:05 PM',2,'General',90000,'Negocios y motivos profesionales','Finalizado','Apartadó - Antioquia','Apartadó - Antioquia',310,'71351641','Cedula de ciudadania','Doble',NULL,NULL,NULL),(173,325,159,'12-09-2024 06:13 PM',1,'General',70000,'Seleccionar','Finalizado','Medellín - Antioquia','Medellín - Antioquia',3,'80774756','Cedula de ciudadania','Individual',NULL,NULL,NULL),(174,358,160,'12-09-2024 06:31 PM',1,'General',70000,'Seleccionar','Finalizado','Barranquilla - Atlántico','Barranquilla - Atlántico',7,'1045709187','Cedula de ciudadania','Individual',NULL,NULL,NULL),(175,326,161,'12-09-2024 08:21 PM',1,'General',70000,'Seleccionar','Finalizado','Seleccionar','Seleccionar',4,'1017239614','Cedula de ciudadania','Individual',NULL,NULL,NULL),(176,346,158,'13-09-2024 12:36 AM',2,'General',95000,'Negocios y motivos profesionales','Finalizado','Apartadó - Antioquia','Apartadó - Antioquia',31,'71351641','Cedula de ciudadania','Doble',NULL,NULL,NULL),(177,334,162,'13-09-2024 06:16 AM',1,'General',70000,'Vacaciones, recreo y ocio','Finalizado','Seleccionar','Seleccionar',12,'19897650','Cedula de ciudadania','Individual',NULL,NULL,NULL),(178,351,162,'13-09-2024 06:27 AM',2,'General',95000,'Vacaciones, recreo y ocio','Finalizado','Seleccionar','Seleccionar',36,'19897650','Cedula de ciudadania','Doble',NULL,NULL,NULL),(179,351,162,'13-09-2024 06:27 AM',2,'General',95000,'Vacaciones, recreo y ocio','Finalizado','Seleccionar','Seleccionar',36,'19897650','Cedula de ciudadania','Doble',NULL,NULL,NULL),(180,326,163,'13-09-2024 11:13 AM',1,'General',70000,'Negocios y motivos profesionales','Finalizado','Arjona - Bolívar','Arjona - Bolívar',4,'94383963','Cedula de ciudadania','Individual',NULL,NULL,NULL),(181,332,164,'13-09-2024 12:35 PM',1,'General',70000,'Negocios y motivos profesionales','Finalizado','Anolaima - Cundinamarca','Anolaima - Cundinamarca',10,'2956250','Cedula de ciudadania','Doble',NULL,NULL,NULL),(182,349,165,'13-09-2024 01:15 PM',2,'General',90000,'Negocios y motivos profesionales','Finalizado','Córdoba - Bolívar','Córdoba - Bolívar',34,'1104013952','Cedula de ciudadania','Doble',NULL,NULL,NULL),(183,358,166,'13-09-2024 01:22 PM',1,'General',70000,'Seleccionar','Finalizado','Barranquilla - Atlántico','Barranquilla - Atlántico',7,'10017223933','Cedula de ciudadania','Individual',NULL,NULL,NULL),(185,346,167,'13-09-2024 03:08 PM',2,'General',95000,'Seleccionar','Finalizado','Aratoca - Santander','Ábrego - Norte De Santander',31,'8854594','Cedula de ciudadania','Doble',NULL,NULL,NULL),(186,324,168,'13-09-2024 05:16 PM',1,'General',70000,'Seleccionar','Finalizado','Seleccionar','Seleccionar',2,'72194219','Cedula de ciudadania','Individual',NULL,NULL,NULL),(187,345,169,'13-09-2024 05:37 PM',3,'General',140000,'Vacaciones, recreo y ocio','Finalizado','Barranquilla - Atlántico','Barranquilla - Atlántico',211,'1051636148','Cedula de ciudadania','Triple',NULL,NULL,NULL),(188,325,170,'13-09-2024 05:45 PM',1,'General',70000,'Vacaciones, recreo y ocio','Finalizado','Medellín - Antioquia','Medellín - Antioquia',3,'4158093','Cedula de ciudadania','Individual',NULL,NULL,NULL),(189,323,97,'13-09-2024 06:33 PM',1,'General',70000,'Vacaciones, recreo y ocio','Finalizado','Barranquilla - Atlántico','Barranquilla - Atlántico',1,'1128408251','Cedula de ciudadania','Individual',NULL,NULL,NULL),(190,348,171,'13-09-2024 07:21 PM',1,'General',90000,'Seleccionar','Finalizado','Barranquilla - Atlántico','Barranquilla - Atlántico',33,'1051671538','Seleccionar','Doble',NULL,NULL,NULL),(191,340,172,'13-09-2024 07:40 PM',1,'General',70000,'Seleccionar','Finalizado','Barranquilla - Atlántico','Barranquilla - Atlántico',26,'72311061','Seleccionar','Doble',NULL,NULL,NULL),(192,335,173,'13-09-2024 08:00 PM',1,'General',70000,'Negocios y motivos profesionales','Finalizado','Barranquilla - Atlántico','Barranquilla - Atlántico',21,'1143464637','Cedula de ciudadania','Doble',NULL,NULL,NULL),(193,350,174,'13-09-2024 08:23 PM',1,'General',90000,'Seleccionar','Finalizado','Agua De Dios - Cundinamarca','Agua De Dios - Cundinamarca',35,'1102884374','Cedula de ciudadania','Doble',NULL,NULL,NULL),(194,341,176,'14-09-2024 02:51 AM',1,'General',96000,'Vacaciones, recreo y ocio','Finalizado','Medellín - Antioquia','Medellín - Antioquia',27,'103668644','Cedula de ciudadania','Doble',NULL,NULL,NULL),(195,353,177,'14-09-2024 03:11 AM',1,'General',95000,'Vacaciones, recreo y ocio','Finalizado','Seleccionar','Seleccionar',38,'198976500','Cedula de ciudadania','Doble',NULL,NULL,NULL),(196,351,178,'14-09-2024 03:15 AM',1,'General',95000,'Vacaciones, recreo y ocio','Finalizado','Seleccionar','Seleccionar',36,'1140864735','Cedula de ciudadania','Doble',NULL,NULL,NULL),(197,351,178,'14-09-2024 03:15 AM',1,'General',95000,'Vacaciones, recreo y ocio','Finalizado','Seleccionar','Seleccionar',36,'1140864735','Cedula de ciudadania','Doble',NULL,NULL,NULL),(198,351,178,'14-09-2024 03:15 AM',1,'General',95000,'Vacaciones, recreo y ocio','Finalizado','Seleccionar','Seleccionar',36,'1140864735','Cedula de ciudadania','Doble',NULL,NULL,NULL),(199,344,179,'14-09-2024 05:31 AM',1,'General',70000,'Vacaciones, recreo y ocio','Finalizado','Seleccionar','Seleccionar',210,'72333484','Cedula de ciudadania','Doble',NULL,NULL,NULL),(200,344,179,'14-09-2024 05:31 AM',1,'General',70000,'Vacaciones, recreo y ocio','Finalizado','Seleccionar','Seleccionar',210,'72333484','Cedula de ciudadania','Doble',NULL,NULL,NULL),(201,342,180,'14-09-2024 05:43 AM',1,'General',70000,'Vacaciones, recreo y ocio','Finalizado','Seleccionar','Seleccionar',28,'1067873829','Cedula de ciudadania','Doble',NULL,NULL,NULL),(202,354,181,'14-09-2024 07:03 AM',2,'General',95000,'Otros motivos','Finalizado','Lorica - Córdoba','Lorica - Córdoba',39,'92228991','Cedula de ciudadania','Doble',NULL,NULL,NULL),(203,331,182,'14-09-2024 06:05 PM',1,'General',70000,'Vacaciones, recreo y ocio','Finalizado','Bogotá, D.C. - Bogotá, D.C.','Bogotá, D.C. - Bogotá, D.C.',9,'80180932','Cedula de ciudadania','Individual',NULL,NULL,NULL),(204,334,183,'14-09-2024 08:27 PM',1,'General',70000,'Seleccionar','Finalizado','Seleccionar','Seleccionar',12,'1052079513','Cedula de ciudadania','Individual',NULL,NULL,NULL),(205,349,145,'14-09-2024 08:37 PM',1,'General',90000,'Vacaciones, recreo y ocio','Finalizado','Seleccionar','Seleccionar',34,'15172159','Cedula de ciudadania','Doble',NULL,NULL,NULL),(206,353,184,'14-09-2024 11:04 PM',2,'General',95000,'Otros motivos','Finalizado','La Gloria - Cesar','La Gloria - Cesar',38,'1063562685','Cedula de ciudadania','Doble',NULL,NULL,NULL),(207,356,185,'15-09-2024 12:49 AM',2,'General',90000,'Otros motivos','Finalizado','Barranquilla - Atlántico','Barranquilla - Atlántico',311,'1047450720','Cedula de ciudadania','Doble',NULL,NULL,NULL),(208,325,186,'15-09-2024 01:20 AM',1,'General',70000,'Otros motivos','Finalizado','Córdoba - Bolívar','Córdoba - Bolívar',3,'1047388172','Cedula de ciudadania','Individual',NULL,NULL,NULL),(209,358,187,'15-09-2024 04:00 PM',1,'General',70000,'Seleccionar','Finalizado','Seleccionar','Seleccionar',7,'79567473','Cedula de ciudadania','Individual',NULL,NULL,NULL),(210,329,188,'15-09-2024 05:34 PM',2,'General',85000,'Negocios y motivos profesionales','Finalizado','Abriaquí - Antioquia','Barranquilla - Atlántico',8,'85470696','Cedula de ciudadania','Doble',NULL,NULL,NULL),(211,335,189,'15-09-2024 08:44 PM',2,'General',96000,'Seleccionar','Finalizado','Seleccionar','Seleccionar',21,'1103107120','Cedula de ciudadania','Doble',NULL,NULL,NULL),(212,341,88,'24-10-2024 11:05 PM',2,'General',96000,'Vacaciones, recreo y ocio','Finalizado','Sincelejo - Sucre','Sincelejo - Sucre',0,NULL,NULL,NULL,0,NULL,0),(213,348,190,'16-09-2024 12:35 AM',2,'General',90000,'Otros motivos','Finalizado','Cartagena De Indias - Bolívar','Cartagena De Indias - Bolívar',33,'73008578','Cedula de ciudadania','Doble',NULL,NULL,NULL),(214,323,192,'16-09-2024 10:06 PM',1,'General',70000,'Negocios y motivos profesionales','Finalizado','Medellín - Antioquia','Medellín - Antioquia',1,'71220702','Cedula de ciudadania','Individual',NULL,NULL,NULL),(215,324,193,'16-09-2024 10:21 PM',1,'General',70000,'Negocios y motivos profesionales','Finalizado','Santa Marta - Magdalena','Santa Marta - Magdalena',2,'84457478','Cedula de ciudadania','Individual',NULL,NULL,NULL),(216,325,182,'16-09-2024 10:29 PM',1,'General',70000,'Negocios y motivos profesionales','Finalizado','Barranquilla - Atlántico','Barranquilla - Atlántico',3,'80180932','Cedula de ciudadania','Individual',NULL,NULL,NULL),(217,326,120,'16-09-2024 10:31 PM',1,'General',70000,'Negocios y motivos profesionales','Finalizado','Barranquilla - Atlántico','Barranquilla - Atlántico',4,'15620346','Cedula de ciudadania','Individual',NULL,NULL,NULL),(218,327,194,'16-09-2024 10:35 PM',1,'General',70000,'Negocios y motivos profesionales','Finalizado','Barranquilla - Atlántico','Barranquilla - Atlántico',5,'1131071940','Cedula de ciudadania','Individual',NULL,NULL,NULL),(219,358,191,'16-09-2024 10:56 PM',1,'General',70000,'Negocios y motivos profesionales','Finalizado','Medellín - Antioquia','Medellín - Antioquia',7,'98566218','Cedula de ciudadania','Individual',NULL,NULL,NULL),(220,329,195,'16-09-2024 11:02 PM',2,'General',85000,'Negocios y motivos profesionales','Finalizado','Magangué - Bolívar','Magangué - Bolívar',8,'1052986204','Cedula de ciudadania','Doble',NULL,NULL,NULL),(221,331,76,'16-09-2024 11:08 PM',1,'General',70000,'Negocios y motivos profesionales','Finalizado','Barranquilla - Atlántico','Barranquilla - Atlántico',9,'71944461','Cedula de ciudadania','Individual',NULL,NULL,NULL),(222,348,145,'16-09-2024 11:17 PM',2,'General',90000,'Negocios y motivos profesionales','Finalizado','Medellín - Antioquia','Medellín - Antioquia',33,'15172159','Cedula de ciudadania','Doble',NULL,NULL,NULL),(223,335,71,'16-09-2024 11:20 PM',2,'General',96000,'Negocios y motivos profesionales','Finalizado','Barranquilla - Atlántico','Barranquilla - Atlántico',21,'1045671766','Cedula de ciudadania','Doble',NULL,NULL,NULL),(224,355,196,'17-09-2024 12:28 AM',2,'General',90000,'Otros motivos','Finalizado','Ocaña - Norte De Santander','Ocaña - Norte De Santander',310,'1007949665','Cedula de ciudadania','Doble',NULL,NULL,NULL),(225,349,197,'17-09-2024 01:48 AM',2,'General',90000,'Negocios y motivos profesionales','Finalizado','Seleccionar','Seleccionar',34,'5594403','Cedula de ciudadania','Doble',NULL,NULL,NULL),(226,350,198,'17-09-2024 01:51 AM',2,'General',90000,'Negocios y motivos profesionales','Finalizado','Barranquilla - Atlántico','Barranquilla - Atlántico',35,'1096224126','Cedula de ciudadania','Doble',NULL,NULL,NULL),(228,356,200,'04-10-2024 02:47 PM',1,'General',90000,'Negocios y motivos profesionales','Finalizado','Tunja - Boyacá','Tunja - Boyacá',0,NULL,NULL,NULL,0,NULL,0),(229,356,201,'17-09-2024 11:12 AM',1,'General',90000,'Negocios y motivos profesionales','Finalizado','Barrancas - La Guajira','Barrancas - La Guajira',311,'1065612457','Cedula de ciudadania','Doble',NULL,NULL,NULL),(230,326,199,'17-09-2024 11:23 AM',1,'General',70000,'Negocios y motivos profesionales','Finalizado','Caldas - Antioquia','Caldas - Antioquia',4,'1054571476','Cedula de ciudadania','Individual',NULL,NULL,NULL),(232,329,48,'19-09-2024 12:57 AM',1,'General',85000,'Negocios y motivos profesionales','Finalizado','Cartagena De Indias - Bolívar','Cartagena De Indias - Bolívar',8,'1128455998','Cedula de ciudadania','Doble',NULL,NULL,NULL),(234,331,50,'20-09-2024 03:00 PM',1,'General',70000,'Negocios y motivos profesionales','Finalizado','Cartagena De Indias - Bolívar','Cartagena De Indias - Bolívar',9,'1003250407','Cedula de ciudadania','Individual',NULL,NULL,NULL),(235,335,38,'24-09-2024 07:06 PM',1,'Administrativo',96000,'Vacaciones, recreo y ocio','Finalizado','Cartagena De Indias - Bolívar','Cartagena De Indias - Bolívar',0,NULL,NULL,NULL,NULL,NULL,NULL),(236,351,49,'23-09-2024 10:38 AM',1,'General',95000,'Vacaciones, recreo y ocio','Finalizado','Caracolí - Antioquia','Caracolí - Antioquia',36,'8788345','Cedula de ciudadania','Doble',NULL,NULL,NULL),(237,350,47,'24-09-2024 04:18 PM',1,'General',90000,'Negocios y motivos profesionales','Finalizado','Seleccionar','Seleccionar',0,NULL,NULL,NULL,NULL,NULL,NULL),(238,325,47,'27-09-2024 08:58 AM',1,'General',70000,'Negocios y motivos profesionales','Finalizado','Cartagena De Indias - Bolívar','Cartagena De Indias - Bolívar',3,'72229162','Cedula de ciudadania','Individual',NULL,NULL,NULL),(239,348,38,'01-10-2024 01:29 PM',1,'General',90000,'Negocios y motivos profesionales','Finalizado','Abriaquí - Antioquia','Abejorral - Antioquia',33,'1047482849','Cedula de ciudadania','Doble',160,'Turno 1 01/10/2024',88),(240,331,49,'03-10-2024 03:42 PM',1,'General',70000,'Negocios y motivos profesionales','Finalizado','Caracolí - Antioquia','Caracolí - Antioquia',9,'8788345','Seleccionar','',161,'lbturnos',89),(241,329,49,'10-10-2024 08:00 AM',1,'General',85000,'Seleccionar','Finalizado','Cabrera - Cundinamarca','Cabrera - Cundinamarca',8,'8788345','Seleccionar','',161,'turnos',89),(242,335,49,'09-10-2024 05:40 PM',1,'General',96000,'Negocios y motivos profesionales','Finalizado','Abejorral - Antioquia','Abejorral - Antioquia',0,NULL,NULL,NULL,0,NULL,0),(243,344,38,'10-10-2024 07:43 AM',1,'General',96000,'Vacaciones, recreo y ocio','Activo','Cabrera - Cundinamarca','Cabrera - Cundinamarca',210,'1047482849','Seleccionar','',161,'lbturnos',89),(245,327,47,'19-10-2024 03:58 PM',1,'General',70000,'Negocios y motivos profesionales','Finalizado','Seleccionar','Seleccionar',5,'72229162','Seleccionar','',161,'turnos',89),(247,332,47,'12-11-2024 03:47 PM',1,'General',96000,'Negocios y motivos profesionales','Finalizado','Bagadó - Chocó','Bagadó - Chocó',10,'72229162','Cedula de ciudadania','Doble',0,'lbturnos',0),(248,358,57,'12-11-2024 09:00 PM',1,'General',70000,'Negocios y motivos profesionales','Activo','Cartagena De Indias - Bolívar','Cartagena De Indias - Bolívar',7,'98576982','Cedula de ciudadania','Individual',162,'turnos',90);
/*!40000 ALTER TABLE `ingreso` ENABLE KEYS */;
UNLOCK TABLES;

--
-- Table structure for table `inicioturno`
--

DROP TABLE IF EXISTS `inicioturno`;
/*!40101 SET @saved_cs_client     = @@character_set_client */;
/*!50503 SET character_set_client = utf8mb4 */;
CREATE TABLE `inicioturno` (
  `idinicioturno` int NOT NULL AUTO_INCREMENT,
  `fecha_hora_inicio` varchar(45) NOT NULL,
  `turno` varchar(45) NOT NULL,
  `numero_turno` int NOT NULL,
  `estado` varchar(45) NOT NULL,
  `empleado` varchar(45) DEFAULT NULL,
  PRIMARY KEY (`idinicioturno`),
  UNIQUE KEY `idinicioturno_UNIQUE` (`idinicioturno`),
  UNIQUE KEY `numero_turno_UNIQUE` (`numero_turno`),
  KEY `fk_inicioturno_empleado_idx` (`empleado`)
) ENGINE=InnoDB AUTO_INCREMENT=163 DEFAULT CHARSET=utf8mb4 COLLATE=utf8mb4_0900_ai_ci;
/*!40101 SET character_set_client = @saved_cs_client */;

--
-- Dumping data for table `inicioturno`
--

LOCK TABLES `inicioturno` WRITE;
/*!40000 ALTER TABLE `inicioturno` DISABLE KEYS */;
INSERT INTO `inicioturno` VALUES (66,'10-08-2024 10:54 AM','Turno 1 10/08/2024',1,'Finalizado','alexander nieves romero'),(67,'10-08-2024 12:23 PM','Turno 1 10/08/2024',2,'Finalizado','alexander nieves romero'),(68,'13-08-2024 08:49 AM','Turno 1 13/08/2024',3,'Finalizado','alexander nieves romero'),(71,'13-08-2024 04:10 PM','Turno 2 13/08/2024',4,'Finalizado','YINA MARCELA  AYALA'),(72,'13-08-2024 04:16 PM','Turno 2 13/08/2024',5,'Finalizado','YINA MARCELA  AYALA'),(73,'13-08-2024 04:18 PM','Turno 2 13/08/2024',6,'Finalizado','YINA MARCELA  AYALA'),(74,'13-08-2024 04:22 PM','Turno 1 13/08/2024',7,'Finalizado','YINA MARCELA  AYALA'),(76,'13-08-2024 04:50 PM','Turno 1 13/08/2024',8,'Finalizado','YINA MARCELA  AYALA'),(77,'15-08-2024 03:23 PM','Turno 2 15/08/2024',9,'Finalizado','DARLYS VALDES'),(79,'15-08-2024 03:30 PM','Turno 2 15/08/2024',10,'Finalizado','NOVERLIS ARIAS'),(80,'15-08-2024 03:34 PM','Turno 2 15/08/2024',11,'Finalizado','MARELVIS BELTRAN'),(81,'15-08-2024 04:07 PM','Turno 2 15/08/2024',12,'Finalizado','ENILSA PINTO'),(82,'15-08-2024 04:08 PM','Turno 2 15/08/2024',13,'Finalizado','ENILSA PINTO'),(83,'15-08-2024 04:17 PM','Turno 2 15/08/2024',14,'Finalizado','KEILY JOHANA LOPEZ'),(84,'15-08-2024 04:19 PM','Turno 1 15/08/2024',15,'Finalizado','alexander nieves romero'),(85,'15-08-2024 04:21 PM','Turno 2 15/08/2024',16,'Finalizado','alexander nieves romero'),(86,'15-08-2024 04:22 PM','Turno 2 15/08/2024',17,'Finalizado','DARLYS VALDES'),(87,'15-08-2024 04:39 PM','Turno 2 15/08/2024',18,'Finalizado','alexander nieves romero'),(88,'15-08-2024 04:43 PM','Turno 2 15/08/2024',19,'Finalizado','alexander nieves romero'),(89,'15-08-2024 04:50 PM','Turno 1 15/08/2024',20,'Finalizado','alexander nieves romero'),(90,'15-08-2024 04:56 PM','Turno 2 15/08/2024',21,'Finalizado','alexander nieves romero'),(91,'15-08-2024 05:03 PM','Turno 1 15/08/2024',22,'Finalizado','alexander nieves romero'),(92,'15-08-2024 05:09 PM','Turno 2 15/08/2024',23,'Finalizado','DARLYS VALDES'),(93,'15-08-2024 05:16 PM','Turno 2 15/08/2024',24,'Finalizado','NOVERLIS ARIAS'),(94,'15-08-2024 05:34 PM','Turno 1 15/08/2024',25,'Finalizado','DARLYS VALDES'),(95,'15-08-2024 05:40 PM','Turno 2 15/08/2024',26,'Finalizado','alexander nieves romero'),(96,'26-08-2024 03:12 PM','Turno 2 26/08/2024',27,'Finalizado','ANA MARCELA DIAZ'),(97,'28-08-2024 09:26 PM','Turno 3 28/08/2024',28,'Finalizado','alexander nieves romero'),(98,'29-08-2024 02:53 PM','Turno 2 29/08/2024',29,'Finalizado','NOVERLIS ARIAS'),(99,'30-08-2024 02:06 PM','Turno 3 30/08/2024',30,'Finalizado','DARLYS VALDES'),(100,'30-08-2024 02:29 PM','Turno 1 30/08/2024',31,'Finalizado','ENILSA PINTO'),(101,'30-08-2024 03:22 PM','Turno 2 30/08/2024',32,'Finalizado','YINA MARCELA  AYALA'),(102,'30-08-2024 08:52 PM','Turno 3 30/08/2024',33,'Finalizado','DARLYS VALDES'),(103,'31-08-2024 11:26 AM','Turno 1 31/08/2024',34,'Finalizado','ANA MARCELA DIAZ'),(104,'31-08-2024 01:50 PM','Turno 2 31/08/2024',35,'Finalizado','YINA MARCELA  AYALA'),(105,'31-08-2024 08:59 PM','Turno 3 31/08/2024',36,'Finalizado','DARLYS VALDES'),(106,'01-09-2024 06:31 AM','Turno 1 01/09/2024',37,'Finalizado','MARELVIS BELTRAN'),(107,'01-09-2024 01:52 PM','Turno 2 01/09/2024',38,'Finalizado','ANA MARCELA DIAZ'),(108,'01-09-2024 09:09 PM','Turno 3 01/09/2024',39,'Finalizado','DARLYS VALDES'),(109,'02-09-2024 06:59 AM','Turno 1 02/09/2024',40,'Finalizado','YINA MARCELA  AYALA'),(110,'02-09-2024 01:46 PM','Turno 2 02/09/2024',41,'Finalizado','ANA MARCELA DIAZ'),(111,'02-09-2024 08:46 PM','Turno 3 02/09/2024',42,'Finalizado','ENILSA PINTO'),(112,'03-09-2024 05:53 AM','Turno 1 03/09/2024',43,'Finalizado','YINA MARCELA  AYALA'),(113,'03-09-2024 02:03 PM','Turno 2 03/09/2024',44,'Finalizado','DARLYS VALDES'),(114,'03-09-2024 11:27 PM','Turno 2 03/09/2024',45,'Finalizado','ENILSA PINTO'),(115,'04-09-2024 06:28 AM','Turno 1 04/09/2024',46,'Finalizado','ANA MARCELA DIAZ'),(117,'04-09-2024 01:56 PM','Turno 2 04/09/2024',47,'Finalizado','DARLYS VALDES'),(118,'04-09-2024 11:45 PM','Turno 3 04/09/2024',48,'Finalizado','ENILSA PINTO'),(119,'05-09-2024 06:38 AM','Turno 1 05/09/2024',49,'Finalizado','ANA MARCELA DIAZ'),(120,'05-09-2024 01:21 PM','Turno 2 05/09/2024',50,'Finalizado','NOVERLIS ARIAS'),(121,'05-09-2024 09:57 PM','Turno 3 05/09/2024',51,'Finalizado','ENILSA PINTO'),(122,'06-09-2024 06:03 AM','Turno 1 06/09/2024',52,'Finalizado','ANA MARCELA DIAZ'),(123,'06-09-2024 01:54 PM','Turno 2 06/09/2024',53,'Finalizado','YINA MARCELA  AYALA'),(124,'06-09-2024 08:34 PM','Turno 3 06/09/2024',54,'Finalizado','MARELVIS BELTRAN'),(125,'07-09-2024 06:07 AM','Turno 1 07/09/2024',55,'Finalizado','ANA MARCELA DIAZ'),(126,'07-09-2024 02:04 PM','Turno 2 07/09/2024',56,'Finalizado','ENILSA PINTO'),(127,'07-09-2024 09:06 PM','Turno 3 07/09/2024',57,'Finalizado','MARELVIS BELTRAN'),(128,'08-09-2024 06:42 AM','Turno 1 08/09/2024',58,'Finalizado','ANA MARCELA DIAZ'),(129,'08-09-2024 01:51 PM','Turno 2 08/09/2024',59,'Finalizado','ENILSA PINTO'),(130,'08-09-2024 08:36 PM','Turno 3 08/09/2024',60,'Finalizado','MARELVIS BELTRAN'),(131,'09-09-2024 06:03 AM','Turno 1 09/09/2024',61,'Finalizado','ANA MARCELA DIAZ'),(132,'09-09-2024 01:44 PM','Turno 2 09/09/2024',62,'Finalizado','YINA MARCELA  AYALA'),(133,'09-09-2024 08:56 PM','Turno 3 09/09/2024',63,'Finalizado','MARELVIS BELTRAN'),(134,'10-09-2024 08:22 AM','Turno 1 10/09/2024',64,'Finalizado','DARLYS VALDES'),(135,'10-09-2024 02:05 PM','Turno 2 10/09/2024',65,'Finalizado','YINA MARCELA  AYALA'),(136,'10-09-2024 08:57 PM','Turno 3 10/09/2024',66,'Finalizado','KEILY JOHANA LOPEZ'),(137,'11-09-2024 05:54 AM','Turno 1 11/09/2024',67,'Finalizado','ANA MARCELA DIAZ'),(138,'11-09-2024 01:54 PM','Turno 2 11/09/2024',68,'Finalizado','MARELVIS BELTRAN'),(139,'11-09-2024 08:54 PM','Turno 3 11/09/2024',69,'Finalizado','KEILY JOHANA LOPEZ'),(140,'12-09-2024 05:52 AM','Turno 1 12/09/2024',70,'Finalizado','ANA MARCELA DIAZ'),(141,'12-09-2024 01:50 PM','Turno 2 12/09/2024',71,'Finalizado','DARLYS VALDES'),(142,'12-09-2024 09:14 PM','Turno 3 12/09/2024',72,'Finalizado','KEILY JOHANA LOPEZ'),(144,'13-09-2024 06:40 AM','Turno 1 13/09/2024',73,'Finalizado','ANA MARCELA DIAZ'),(145,'13-09-2024 01:51 PM','Turno 2 13/09/2024',74,'Finalizado','DARLYS VALDES'),(146,'14-09-2024 02:41 AM','Turno 3 14/09/2024',75,'Finalizado','KEILY JOHANA LOPEZ'),(147,'14-09-2024 06:17 AM','Turno 1 14/09/2024',76,'Finalizado','ANA MARCELA DIAZ'),(148,'14-09-2024 01:54 PM','Turno 2 14/09/2024',77,'Finalizado','DARLYS VALDES'),(149,'14-09-2024 09:03 PM','Turno 3 14/09/2024',78,'Finalizado','YINA MARCELA  AYALA'),(150,'15-09-2024 05:04 AM','Turno 1 15/09/2024',79,'Finalizado','NOVERLIS ARIAS'),(151,'15-09-2024 02:19 PM','Turno 2 15/09/2024',80,'Finalizado','DARLYS VALDES'),(152,'15-09-2024 08:59 PM','Turno 3 15/09/2024',81,'Finalizado','YINA MARCELA  AYALA'),(153,'16-09-2024 05:28 AM','Turno 1 16/09/2024',82,'Finalizado','ANA MARCELA DIAZ'),(154,'16-09-2024 01:46 PM','Turno 2 16/09/2024',83,'Finalizado','ENILSA PINTO'),(155,'16-09-2024 11:20 PM','Turno 3 16/09/2024',84,'Finalizado','YINA MARCELA  AYALA'),(157,'17-09-2024 05:54 AM','Turno 1 17/09/2024',85,'Finalizado','ANA MARCELA DIAZ'),(158,'17-09-2024 01:42 PM','Turno 2 17/09/2024',86,'Finalizado','ENILSA PINTO'),(159,'19-09-2024 08:56 PM','Turno 3 19/09/2024',87,'Finalizado','alexander nieves romero'),(160,'01-10-2024 09:39 AM','Turno 1 01/10/2024',88,'Finalizado','alexander nieves romero'),(161,'03-10-2024 03:42 PM','Turno 2 03/10/2024',89,'Finalizado','alexander nieves romero'),(162,'12-11-2024 03:54 PM','Turno 2 12/11/2024',90,'Activo','alexander nieves romero');
/*!40000 ALTER TABLE `inicioturno` ENABLE KEYS */;
UNLOCK TABLES;

--
-- Table structure for table `limpieza`
--

DROP TABLE IF EXISTS `limpieza`;
/*!40101 SET @saved_cs_client     = @@character_set_client */;
/*!50503 SET character_set_client = utf8mb4 */;
CREATE TABLE `limpieza` (
  `idlimpieza` int NOT NULL AUTO_INCREMENT,
  `idempleado` int NOT NULL,
  `idhabitacion` int NOT NULL,
  `numero` int NOT NULL,
  `tipo_habitacion` varchar(100) NOT NULL,
  `fecha` date NOT NULL,
  `estado` varchar(11) NOT NULL,
  `turno` varchar(11) NOT NULL,
  PRIMARY KEY (`idlimpieza`),
  KEY `fk_limpieza_empleado_idx` (`idempleado`),
  CONSTRAINT `fk_limpieza_empleado` FOREIGN KEY (`idempleado`) REFERENCES `empleado` (`idpersona`)
) ENGINE=InnoDB AUTO_INCREMENT=26 DEFAULT CHARSET=utf8mb4 COLLATE=utf8mb4_0900_ai_ci;
/*!40101 SET character_set_client = @saved_cs_client */;

--
-- Dumping data for table `limpieza`
--

LOCK TABLES `limpieza` WRITE;
/*!40000 ALTER TABLE `limpieza` DISABLE KEYS */;
INSERT INTO `limpieza` VALUES (20,96,313,2,'Individual','2024-08-23','Disponible','Turno 1'),(23,95,326,4,'Individual','2024-09-01','Disponible','Turno 1'),(24,95,348,33,'Doble','2024-09-02','Disponible','Turno 3'),(25,91,324,2,'Individual','2024-09-02','Disponible','Turno 1');
/*!40000 ALTER TABLE `limpieza` ENABLE KEYS */;
UNLOCK TABLES;

--
-- Table structure for table `pago`
--

DROP TABLE IF EXISTS `pago`;
/*!40101 SET @saved_cs_client     = @@character_set_client */;
/*!50503 SET character_set_client = utf8mb4 */;
CREATE TABLE `pago` (
  `idpago` int NOT NULL AUTO_INCREMENT,
  `idsalida` int NOT NULL,
  `cliente` varchar(45) NOT NULL,
  `numero` int NOT NULL,
  `fechaemision` varchar(15) NOT NULL,
  `tipocomprobante` varchar(20) NOT NULL,
  `numcomprobante` varchar(100) NOT NULL,
  `efectivo` int NOT NULL,
  `tarjeta` int NOT NULL,
  `transferencia` int NOT NULL,
  `descuentos` int DEFAULT NULL,
  `cobrosfraccion` int NOT NULL,
  `valorcobrar` int NOT NULL,
  `netoapagar` int NOT NULL,
  `empleado` varchar(45) NOT NULL,
  `numero_turno` int NOT NULL,
  `deuda_anterior` int DEFAULT NULL,
  `estado` varchar(25) NOT NULL,
  `documento` int NOT NULL,
  `correo` varchar(100) NOT NULL,
  `numero_noches` int NOT NULL,
  `IVA` int NOT NULL,
  `retencion35` int DEFAULT NULL,
  `retencion4` int DEFAULT NULL,
  `idcliente` int NOT NULL,
  PRIMARY KEY (`idpago`)
) ENGINE=InnoDB AUTO_INCREMENT=45 DEFAULT CHARSET=utf8mb3;
/*!40101 SET character_set_client = @saved_cs_client */;

--
-- Dumping data for table `pago`
--

LOCK TABLES `pago` WRITE;
/*!40000 ALTER TABLE `pago` DISABLE KEYS */;
INSERT INTO `pago` VALUES (41,0,'carlos puentes diz',2,'10-08-2024','Factura','1',78540,0,0,0,6000,66000,78540,'alexander nieves romero',1,0,'Pagado',1047482949,'carlos@hotmail.com',1,12540,0,0,38),(42,0,'carlos puentes diz',2,'11-08-2024','Factura','2',0,22848,0,0,0,20000,22848,'alexander nieves romero',2,0,'Pagado',1047482949,'carlos@hotmail.com',1,3800,0,952,49),(43,0,'carlos puentes diz',8,'23-08-2024','Factura','3',0,287980,0,25000,0,242000,287980,'',8,137000,'Pagado',1047482949,'carlos@hotmail.com',8,45980,0,0,38),(44,0,'VIVIAN RIVERA',22,'23-08-2024','Factura','4',0,0,0,0,0,0,0,'alexander nieves romero',2,0,'Pagado',1140819787,'nose@gamila.com',2,0,0,0,52);
/*!40000 ALTER TABLE `pago` ENABLE KEYS */;
UNLOCK TABLES;

--
-- Table structure for table `persona`
--

DROP TABLE IF EXISTS `persona`;
/*!40101 SET @saved_cs_client     = @@character_set_client */;
/*!50503 SET character_set_client = utf8mb4 */;
CREATE TABLE `persona` (
  `idpersona` int NOT NULL AUTO_INCREMENT,
  `nombres` varchar(100) NOT NULL,
  `apellidos` varchar(100) NOT NULL,
  `tipodocumento` varchar(50) NOT NULL,
  `numdocumento` varchar(11) NOT NULL,
  `direccion` varchar(200) NOT NULL,
  `telefono` varchar(11) DEFAULT NULL,
  `email` varchar(255) DEFAULT NULL,
  `pais` varchar(255) NOT NULL,
  `ciudad` varchar(100) NOT NULL,
  PRIMARY KEY (`idpersona`),
  UNIQUE KEY `email_UNIQUE` (`email`),
  UNIQUE KEY `telefono_UNIQUE` (`telefono`)
) ENGINE=InnoDB AUTO_INCREMENT=98 DEFAULT CHARSET=utf8mb3;
/*!40101 SET character_set_client = @saved_cs_client */;

--
-- Dumping data for table `persona`
--

LOCK TABLES `persona` WRITE;
/*!40000 ALTER TABLE `persona` DISABLE KEYS */;
INSERT INTO `persona` VALUES (86,'combugas','combugas','Pasaporte','900139412-2','ternera','322','combugas@empleado.com','colombia','cartagena'),(87,'alexander','nieves romero','Cedula de ciudadania','1143362120','los alpes norte','3226141645','alexnieves_romer@outlook.com','colombia','cartagena'),(88,'BERLUDIS ','QUINTANA','Cedula de ciudadania','1051449219','NO','NO','NO','COLOMBIA','CARTAGENA'),(90,'DARLYS','VALDES','Cedula de ciudadania','1001804771','NO1','NO1','NO1','COLOMBIA','CARTAGENA'),(91,'NOVERLIS','ARIAS','Cedula de ciudadania','1235043430','NO2','NO2','NO2','COLOMBIA','CARTAGENA'),(92,'ENILSA','PINTO','Cedula de ciudadania','22794222','NO3','NO3','NO3','COLOMBIA','CARTAGENA'),(93,'MARELVIS','BELTRAN','Cedula de ciudadania','45495267','NO4','NO4','NO4','COLOMBIA','CARTAGENA'),(94,'YINA MARCELA ','AYALA','Cedula de ciudadania','1064992945','NO5','NO5','NO5','COLOMBIA','CARTAGENA'),(95,'KEILY JOHANA','LOPEZ','Cedula de ciudadania','1047364040','NO6','NO6','NO6','COLOMBIA','CARTAGENA'),(96,'ANA MARCELA','DIAZ','Cedula de ciudadania','1128325348','NO7','NO7','NO7','COLOMBIA','CARTAGENA');
/*!40000 ALTER TABLE `persona` ENABLE KEYS */;
UNLOCK TABLES;

--
-- Table structure for table `producto`
--

DROP TABLE IF EXISTS `producto`;
/*!40101 SET @saved_cs_client     = @@character_set_client */;
/*!50503 SET character_set_client = utf8mb4 */;
CREATE TABLE `producto` (
  `idproducto` int NOT NULL AUTO_INCREMENT,
  `nombre` varchar(15) NOT NULL,
  `descripcion` varchar(200) NOT NULL,
  `unidad_medida` varchar(25) NOT NULL,
  `precio_venta` decimal(7,2) NOT NULL,
  PRIMARY KEY (`idproducto`)
) ENGINE=InnoDB AUTO_INCREMENT=2 DEFAULT CHARSET=utf8mb3;
/*!40101 SET character_set_client = @saved_cs_client */;

--
-- Dumping data for table `producto`
--

LOCK TABLES `producto` WRITE;
/*!40000 ALTER TABLE `producto` DISABLE KEYS */;
/*!40000 ALTER TABLE `producto` ENABLE KEYS */;
UNLOCK TABLES;

--
-- Table structure for table `reserva`
--

DROP TABLE IF EXISTS `reserva`;
/*!40101 SET @saved_cs_client     = @@character_set_client */;
/*!50503 SET character_set_client = utf8mb4 */;
CREATE TABLE `reserva` (
  `idreserva` int NOT NULL AUTO_INCREMENT,
  `idhabitacion` int NOT NULL,
  `fechareserva` varchar(45) NOT NULL,
  `fechaingreso` date DEFAULT NULL,
  `fechasalida` date NOT NULL,
  `estado` varchar(100) NOT NULL,
  `numnoches` int NOT NULL,
  `numpersonas` int DEFAULT NULL,
  `cliente` varchar(200) NOT NULL,
  `documento` int DEFAULT NULL,
  `telefono` varchar(15) DEFAULT NULL,
  `numhabitacion` int DEFAULT NULL,
  `costoalojamiento` int NOT NULL,
  `tipohabitacion` varchar(45) DEFAULT NULL,
  `empleado` varchar(200) NOT NULL,
  `idinicioturno` int DEFAULT NULL,
  `num_turno` int DEFAULT NULL,
  `turno` varchar(45) DEFAULT NULL,
  `idcliente` int DEFAULT NULL,
  PRIMARY KEY (`idreserva`),
  KEY `fk_resserva_habitacion_idx` (`idhabitacion`),
  CONSTRAINT `fk_reserva_habitacion` FOREIGN KEY (`idhabitacion`) REFERENCES `habitacion` (`idHabitacion`) ON DELETE CASCADE ON UPDATE CASCADE
) ENGINE=InnoDB AUTO_INCREMENT=19 DEFAULT CHARSET=utf8mb3;
/*!40101 SET character_set_client = @saved_cs_client */;

--
-- Dumping data for table `reserva`
--

LOCK TABLES `reserva` WRITE;
/*!40000 ALTER TABLE `reserva` DISABLE KEYS */;
INSERT INTO `reserva` VALUES (15,328,'2024-10-10','2024-10-11','2024-10-12','Anulada',1,1,'ALEXANDER OSORIO ALFARO',15172159,'NO',6,70000,'Individual','empleado',162,90,'Turno 2 12/11/2024',NULL),(16,358,'12-11-2024','2024-11-12','2024-11-13','Anulada',1,1,'WILSON DE JESUS MALDONADO LOPEZ',98576982,'3242124973',7,70000,'Individual','',162,90,'turnos',57),(17,334,'14-11-2024','2024-11-15','2024-11-16','Activa',1,1,'HORACIO MANUEL GUERRA CARABALLO',830054581,'3005432065',12,70000,'Individual','empleado',162,90,'turnos',98);
/*!40000 ALTER TABLE `reserva` ENABLE KEYS */;
UNLOCK TABLES;

--
-- Table structure for table `salida`
--

DROP TABLE IF EXISTS `salida`;
/*!40101 SET @saved_cs_client     = @@character_set_client */;
/*!50503 SET character_set_client = utf8mb4 */;
CREATE TABLE `salida` (
  `idsalida` int NOT NULL AUTO_INCREMENT,
  `idingreso` int NOT NULL,
  `idcliente` int NOT NULL,
  `idhabitacion` int NOT NULL,
  `idabono` int NOT NULL,
  `empleado` varchar(45) NOT NULL,
  `numero_turno` int NOT NULL,
  `numero` int NOT NULL,
  `cliente` varchar(100) DEFAULT NULL,
  `numnoches` int DEFAULT NULL,
  `razon_social` varchar(45) DEFAULT NULL,
  `documento` int DEFAULT NULL,
  `email` varchar(45) DEFAULT NULL,
  `costoalojamiento` int DEFAULT NULL,
  `fechaingreso` varchar(50) NOT NULL,
  `fechasalida` varchar(50) NOT NULL,
  `tipocliente` varchar(50) NOT NULL,
  `valor_noches` int NOT NULL,
  `abonos` int NOT NULL,
  `valor_total` int NOT NULL,
  `descuentos` int NOT NULL,
  `cobros_extra` int NOT NULL,
  `otros_cobros` int NOT NULL,
  `deuda_anterior` int NOT NULL,
  `total` int NOT NULL,
  `antesIVA` int DEFAULT NULL,
  `IVA19` int DEFAULT NULL,
  `reten35` int DEFAULT NULL,
  `reten4` int DEFAULT NULL,
  `subtotal` int DEFAULT NULL,
  `efectivo` int DEFAULT NULL,
  `tarjeta` int DEFAULT NULL,
  `transferencias` int DEFAULT NULL,
  `totalpago` int DEFAULT NULL,
  `idinicioturno` int DEFAULT NULL,
  `turno` varchar(45) DEFAULT NULL,
  PRIMARY KEY (`idsalida`),
  KEY `fk_salida_cliente_idx` (`idcliente`),
  KEY `fk_salida_empleado_idx` (`empleado`),
  CONSTRAINT `fk_salida_cliente` FOREIGN KEY (`idcliente`) REFERENCES `cliente` (`idcliente`)
) ENGINE=InnoDB AUTO_INCREMENT=230 DEFAULT CHARSET=utf8mb4 COLLATE=utf8mb4_0900_ai_ci;
/*!40101 SET character_set_client = @saved_cs_client */;

--
-- Dumping data for table `salida`
--

LOCK TABLES `salida` WRITE;
/*!40000 ALTER TABLE `salida` DISABLE KEYS */;
INSERT INTO `salida` VALUES (40,43,38,313,0,'',0,2,'carlos  puentes diz',1,NULL,NULL,NULL,60000,'10-08-2024 11:11 AM','10-08-2024 11:18 AM','General',60000,0,60000,0,6000,0,0,66000,NULL,NULL,NULL,NULL,NULL,NULL,NULL,NULL,NULL,NULL,NULL),(41,44,49,313,4,'',0,2,'JHON LUNA',1,NULL,NULL,NULL,60000,'11-08-2024 09:10 PM','11-08-2024 10:56 PM','General',60000,40000,20000,0,0,0,0,20000,NULL,NULL,NULL,NULL,NULL,NULL,NULL,NULL,NULL,NULL,NULL),(42,47,49,315,0,'MARELVIS BELTRAN',0,8,'JHON LUNA',1,NULL,NULL,NULL,70000,'14-08-2024 04:21 PM','15-08-2024 03:34 PM','General',70000,0,70000,0,0,0,0,70000,NULL,NULL,NULL,NULL,NULL,NULL,NULL,NULL,NULL,NULL,NULL),(43,46,47,314,0,'alexander nieves romero',0,1,'ARMANDO DE JESUS MERCADO YEPEZ',7,NULL,NULL,NULL,70000,'13-08-2024 03:13 PM','20-08-2024 10:59 AM','General',490000,0,490000,0,0,0,0,490000,NULL,NULL,NULL,NULL,NULL,NULL,NULL,NULL,NULL,NULL,NULL),(44,49,52,317,11,'',0,22,'VIVIAN RIVERA',2,NULL,NULL,NULL,96000,'22-08-2024 06:58 PM','23-08-2024 08:30 PM','General',192000,192000,0,0,0,0,0,0,NULL,NULL,NULL,NULL,NULL,NULL,NULL,NULL,NULL,NULL,NULL),(45,53,47,317,0,'ANA MARCELA DIAZ',0,22,'ARMANDO DE JESUS MERCADO YEPEZ',4,NULL,NULL,NULL,96000,'23-08-2024 08:36 PM','26-08-2024 03:29 PM','General',384000,0,384000,0,0,0,0,384000,NULL,NULL,NULL,NULL,NULL,NULL,NULL,NULL,NULL,NULL,NULL),(46,55,47,317,0,'empleado',0,22,'ARMANDO DE JESUS MERCADO YEPEZ',1,NULL,NULL,NULL,70000,'26-08-2024 03:24 PM','26-08-2024 04:24 PM','General',70000,0,70000,0,0,0,0,70000,NULL,NULL,NULL,NULL,NULL,NULL,NULL,NULL,NULL,NULL,NULL),(47,52,52,316,0,'empleado',0,21,'VIVIAN RIVERA',4,NULL,NULL,NULL,96000,'23-08-2024 08:24 PM','26-08-2024 04:32 PM','General',384000,0,384000,0,0,0,0,384000,NULL,NULL,NULL,NULL,NULL,NULL,NULL,NULL,NULL,NULL,NULL),(48,48,38,315,20,'alexander nieves romero',0,8,'carlos  puentes diz',15,NULL,NULL,NULL,70000,'15-08-2024 03:34 PM','29-08-2024 02:51 PM','General',1050000,350000,725000,25000,7000,0,137000,725000,NULL,NULL,NULL,NULL,NULL,NULL,NULL,NULL,NULL,NULL,NULL),(49,54,38,320,0,'alexander nieves romero',0,26,'carlos  puentes diz',7,NULL,NULL,NULL,96000,'23-08-2024 08:47 PM','29-08-2024 02:51 PM','General',672000,0,672000,0,9600,0,137000,672000,NULL,NULL,NULL,NULL,NULL,NULL,NULL,NULL,NULL,NULL,NULL),(50,51,50,319,0,'alexander nieves romero',0,25,'DIOMAR PEÑARALDA',7,NULL,NULL,NULL,70000,'23-08-2024 08:16 PM','29-08-2024 02:51 PM','General',490000,0,490000,0,7000,0,0,490000,NULL,NULL,NULL,NULL,NULL,NULL,NULL,NULL,NULL,NULL,NULL),(51,50,48,318,0,'alexander nieves romero',0,24,'RUBEN MEJIA',7,NULL,NULL,NULL,70000,'23-08-2024 07:59 PM','29-08-2024 02:51 PM','General',490000,0,490000,0,7000,0,0,490000,NULL,NULL,NULL,NULL,NULL,NULL,NULL,NULL,NULL,NULL,NULL),(52,56,48,316,0,'alexander nieves romero',0,21,'RUBEN MEJIA',4,NULL,NULL,NULL,70000,'26-08-2024 04:24 PM','29-08-2024 02:52 PM','General',280000,0,280000,0,7000,0,0,280000,NULL,NULL,NULL,NULL,NULL,NULL,NULL,NULL,NULL,NULL,NULL),(53,62,59,329,26,'',0,7,'FABIAN ANDRES GOMEZ BOHORQUEZ',1,NULL,NULL,NULL,85000,'29-08-2024 01:12 PM','30-08-2024 02:54 PM','General',85000,85000,0,0,0,0,0,0,NULL,NULL,NULL,NULL,NULL,NULL,NULL,NULL,NULL,NULL,NULL),(54,63,61,331,27,'',0,9,'JORGE LUIS HERNANDEZ VILLAMIZAR',1,NULL,NULL,NULL,70000,'29-08-2024 01:12 PM','30-08-2024 02:55 PM','General',70000,70000,0,0,0,0,0,0,NULL,NULL,NULL,NULL,NULL,NULL,NULL,NULL,NULL,NULL,NULL),(55,72,72,341,36,'',0,27,'EDILBERTO ENRIQUE  REYES BERRIO',1,NULL,NULL,NULL,96000,'29-08-2024 01:12 PM','30-08-2024 02:55 PM','General',96000,96000,0,0,0,0,0,0,NULL,NULL,NULL,NULL,NULL,NULL,NULL,NULL,NULL,NULL,NULL),(56,57,54,348,21,'',0,33,'JUBENCIO MOLINA RODRIGUEZ',1,NULL,NULL,NULL,90000,'29-08-2024 03:22 PM','30-08-2024 02:55 PM','General',90000,90000,0,0,0,0,0,0,NULL,NULL,NULL,NULL,NULL,NULL,NULL,NULL,NULL,NULL,NULL),(57,58,55,323,22,'',0,1,'JOSE ALEJANDRO  CALDERON PINILLA ',1,NULL,NULL,NULL,70000,'29-08-2024 03:41 PM','30-08-2024 02:55 PM','General',70000,70000,0,0,0,0,0,0,NULL,NULL,NULL,NULL,NULL,NULL,NULL,NULL,NULL,NULL,NULL),(58,59,56,330,23,'',0,8,'DANIEL  TABORDA MAZO ',1,NULL,NULL,NULL,70000,'29-08-2024 04:34 PM','30-08-2024 02:56 PM','General',70000,70000,0,0,0,0,0,0,NULL,NULL,NULL,NULL,NULL,NULL,NULL,NULL,NULL,NULL,NULL),(59,69,67,355,33,'',0,310,'JOHN HAROLD HERNANDEZ JIMENEZ',1,NULL,NULL,NULL,90000,'29-08-2024 01:12 PM','30-08-2024 02:56 PM','General',90000,90000,0,0,0,0,0,0,NULL,NULL,NULL,NULL,NULL,NULL,NULL,NULL,NULL,NULL,NULL),(60,75,74,323,39,'ANA MARCELA DIAZ',0,1,'JUBENCIO  MOLINA RODIGUEZ',1,NULL,NULL,NULL,70000,'30-08-2024 02:56 PM','31-08-2024 12:25 PM','General',70000,70000,0,0,7000,0,0,0,NULL,NULL,NULL,NULL,NULL,NULL,NULL,NULL,NULL,NULL,NULL),(61,78,78,331,51,'ANA MARCELA DIAZ',0,9,'NOMAR DAVID BUENDIA',1,NULL,NULL,NULL,70000,'31-08-2024 11:03 AM','31-08-2024 12:25 PM','General',70000,70000,0,0,7000,0,0,0,NULL,NULL,NULL,NULL,NULL,NULL,NULL,NULL,NULL,NULL,NULL),(62,65,63,334,42,'ANA MARCELA DIAZ',0,12,'MEDEDICTO SANCHEZ',1,NULL,NULL,NULL,70000,'29-08-2024 01:12 PM','31-08-2024 12:26 PM','General',70000,70000,0,0,7000,0,0,0,NULL,NULL,NULL,NULL,NULL,NULL,NULL,NULL,NULL,NULL,NULL),(63,64,62,332,43,'ANA MARCELA DIAZ',0,10,'LUIS JAVIER CANO DIAS',1,NULL,NULL,NULL,70000,'29-08-2024 01:12 PM','31-08-2024 12:26 PM','General',70000,70000,0,0,7000,0,0,0,NULL,NULL,NULL,NULL,NULL,NULL,NULL,NULL,NULL,NULL,NULL),(64,61,58,327,41,'ANA MARCELA DIAZ',0,5,'JUAN GABRIEL GUZMAN',1,NULL,NULL,NULL,70000,'29-08-2024 10:25 AM','31-08-2024 12:26 PM','General',70000,70000,0,0,7000,0,0,0,NULL,NULL,NULL,NULL,NULL,NULL,NULL,NULL,NULL,NULL,NULL),(65,77,76,330,50,'ANA MARCELA DIAZ',0,8,'YONNY ANTONIO  CORDOBA BEJARANO',1,NULL,NULL,NULL,70000,'31-08-2024 11:03 AM','31-08-2024 12:27 PM','General',70000,70000,0,0,7000,0,0,0,NULL,NULL,NULL,NULL,NULL,NULL,NULL,NULL,NULL,NULL,NULL),(66,60,57,324,44,'ANA MARCELA DIAZ',0,2,'WILSON DE JESUS MALDONADO LOPEZ',1,NULL,NULL,NULL,70000,'29-08-2024 10:15 AM','31-08-2024 12:27 PM','General',70000,70000,0,0,7000,0,0,0,NULL,NULL,NULL,NULL,NULL,NULL,NULL,NULL,NULL,NULL,NULL),(67,67,66,340,45,'ANA MARCELA DIAZ',0,26,'RAFAEL SEGUNDO RAMBAL GUZMAN',1,NULL,NULL,NULL,96000,'29-08-2024 01:12 PM','31-08-2024 12:27 PM','General',96000,96000,0,0,9600,0,0,0,NULL,NULL,NULL,NULL,NULL,NULL,NULL,NULL,NULL,NULL,NULL),(68,68,68,345,46,'ANA MARCELA DIAZ',0,211,'VICTOR JULIO FRANCO SOLANO',1,NULL,NULL,NULL,140000,'29-08-2024 01:12 PM','31-08-2024 12:27 PM','General',140000,140000,0,0,14000,0,0,0,NULL,NULL,NULL,NULL,NULL,NULL,NULL,NULL,NULL,NULL,NULL),(69,74,73,349,38,'ANA MARCELA DIAZ',0,34,'RUHT MILENES REY ACERO',1,NULL,NULL,NULL,90000,'30-08-2024 02:56 PM','31-08-2024 12:28 PM','General',90000,90000,0,0,9000,0,0,0,NULL,NULL,NULL,NULL,NULL,NULL,NULL,NULL,NULL,NULL,NULL),(70,71,71,336,49,'',0,22,'JAVIER ANDRES LOBO PEREZ',1,NULL,NULL,NULL,96000,'29-08-2024 01:12 PM','31-08-2024 12:28 PM','General',96000,91000,10000,5000,9600,0,0,10000,NULL,NULL,NULL,NULL,NULL,NULL,NULL,NULL,NULL,NULL,NULL),(71,70,70,325,48,'ANA MARCELA DIAZ',0,3,'JEAN CARLOS SOTOMAYOR MALARIAGA',1,NULL,NULL,NULL,70000,'29-08-2024 01:12 PM','31-08-2024 01:21 PM','General',70000,70000,0,0,7000,0,0,0,NULL,NULL,NULL,NULL,NULL,NULL,NULL,NULL,NULL,NULL,NULL),(72,76,75,326,40,'YINA MARCELA  AYALA',0,4,'ELEN MARIA GARCIA THERAN',2,NULL,NULL,NULL,70000,'27-08-2024 04:16 PM','31-08-2024 07:49 PM','General',140000,337818,-197818,0,0,0,0,0,NULL,NULL,NULL,NULL,NULL,NULL,NULL,NULL,NULL,NULL,NULL),(73,85,83,325,60,'MARELVIS BELTRAN',0,3,'CARLOS ANDRES CANO ESCOBAR',1,NULL,NULL,NULL,70000,'31-08-2024 11:36 PM','01-09-2024 06:38 AM','General',70000,70000,0,0,0,0,0,0,NULL,NULL,NULL,NULL,NULL,NULL,NULL,NULL,NULL,NULL,NULL),(74,84,82,351,57,'MARELVIS BELTRAN',0,36,'PEDRO MANUEL ORTIZ ANGULO',1,NULL,NULL,NULL,95000,'31-08-2024 06:42 PM','01-09-2024 09:28 AM','General',95000,95000,0,0,0,0,0,0,NULL,NULL,NULL,NULL,NULL,NULL,NULL,NULL,NULL,NULL,NULL),(75,83,81,348,56,'MARELVIS BELTRAN',0,33,'fabian alberto	o ortega vasquez ',1,NULL,NULL,NULL,90000,'31-08-2024 05:39 PM','01-09-2024 10:14 AM','General',90000,90000,0,0,0,0,0,0,NULL,NULL,NULL,NULL,NULL,NULL,NULL,NULL,NULL,NULL,NULL),(76,73,72,339,54,'MARELVIS BELTRAN',0,25,'EDILBERTO ENRIQUE  REYES BERRIO',1,NULL,NULL,NULL,96000,'30-08-2024 02:56 PM','01-09-2024 10:24 AM','General',96000,96000,0,0,0,0,0,0,NULL,NULL,NULL,NULL,NULL,NULL,NULL,NULL,NULL,NULL,NULL),(77,80,80,355,53,'ANA MARCELA DIAZ',0,310,'RODRIGO GARCIA BURBANO',2,NULL,NULL,NULL,90000,'31-08-2024 11:36 AM','01-09-2024 07:00 PM','General',180000,180000,0,0,0,0,0,0,NULL,NULL,NULL,NULL,NULL,NULL,NULL,NULL,NULL,NULL,NULL),(78,88,85,348,65,'DARLYS VALDES',0,33,'JOSE BONIFACIO TENORIO CORTES',1,NULL,NULL,NULL,90000,'01-09-2024 09:01 PM','02-09-2024 12:47 AM','General',90000,90000,0,0,0,0,0,0,NULL,NULL,NULL,NULL,NULL,NULL,NULL,NULL,NULL,NULL,NULL),(79,86,59,332,63,'DARLYS VALDES',0,10,'FABIAN ANDRES GOMEZ BOHORQUEZ',1,NULL,NULL,NULL,70000,'01-09-2024 05:17 PM','02-09-2024 03:56 AM','General',70000,70000,0,0,0,0,0,0,NULL,NULL,NULL,NULL,NULL,NULL,NULL,NULL,NULL,NULL,NULL),(80,66,65,335,66,'DARLYS VALDES',0,21,'CARLOS ANDRES ALVAREZ OBREGON',1,NULL,NULL,NULL,70000,'29-08-2024 01:12 PM','02-09-2024 06:56 AM','General',70000,96000,-26000,0,0,0,0,0,NULL,NULL,NULL,NULL,NULL,NULL,NULL,NULL,NULL,NULL,NULL),(81,90,88,336,68,'YINA MARCELA  AYALA',0,22,'ALVARO  JIMENEZ',1,NULL,NULL,NULL,96000,'02-09-2024 01:45 AM','02-09-2024 07:00 AM','General',96000,96000,0,0,0,0,0,0,NULL,NULL,NULL,NULL,NULL,NULL,NULL,NULL,NULL,NULL,NULL),(82,79,79,350,62,'YINA MARCELA  AYALA',0,35,'JORGE ELECIER  GOMEZ ',1,NULL,NULL,NULL,90000,'31-08-2024 11:03 AM','02-09-2024 08:36 AM','General',90000,90000,0,0,0,0,0,0,NULL,NULL,NULL,NULL,NULL,NULL,NULL,NULL,NULL,NULL,NULL),(83,87,84,331,64,'YINA MARCELA  AYALA',0,9,'JUAN CARLOS SILVA CIFUENTES',1,NULL,NULL,NULL,70000,'01-09-2024 06:51 PM','02-09-2024 09:06 AM','General',70000,70000,0,0,0,0,0,0,NULL,NULL,NULL,NULL,NULL,NULL,NULL,NULL,NULL,NULL,NULL),(84,88,85,348,65,'YINA MARCELA  AYALA',0,33,'JOSE BONIFACIO TENORIO CORTES',1,NULL,NULL,NULL,90000,'01-09-2024 09:01 PM','02-09-2024 11:15 AM','General',90000,90000,0,0,9000,0,0,0,NULL,NULL,NULL,NULL,NULL,NULL,NULL,NULL,NULL,NULL,NULL),(85,82,58,324,61,'YINA MARCELA  AYALA',0,2,'JUAN GABRIEL GUZMAN',1,NULL,NULL,NULL,70000,'31-08-2024 01:20 PM','02-09-2024 11:15 AM','General',70000,140000,-70000,0,7000,0,0,0,NULL,NULL,NULL,NULL,NULL,NULL,NULL,NULL,NULL,NULL,NULL),(86,94,81,326,74,'YINA MARCELA  AYALA',0,4,'fabian alberto	o ortega vasquez ',1,NULL,NULL,NULL,70000,'02-09-2024 07:13 PM','03-09-2024 05:59 AM','General',70000,70000,0,0,0,0,0,0,NULL,NULL,NULL,NULL,NULL,NULL,NULL,NULL,NULL,NULL,NULL),(87,96,95,348,76,'YINA MARCELA  AYALA',0,33,'JESUS SEGRERA',1,NULL,NULL,NULL,90000,'02-09-2024 09:41 PM','03-09-2024 07:06 AM','General',90000,90000,0,0,0,0,0,0,NULL,NULL,NULL,NULL,NULL,NULL,NULL,NULL,NULL,NULL,NULL),(88,91,90,349,69,'YINA MARCELA  AYALA',0,34,'CARLOS MAURICIO GALVIS ROJAS',1,NULL,NULL,NULL,90000,'02-09-2024 11:40 AM','03-09-2024 08:34 AM','General',90000,90000,0,0,0,0,0,0,NULL,NULL,NULL,NULL,NULL,NULL,NULL,NULL,NULL,NULL,NULL),(89,95,88,332,75,'YINA MARCELA  AYALA',0,10,'ALVARO  JIMENEZ',1,NULL,NULL,NULL,70000,'02-09-2024 07:39 PM','03-09-2024 10:34 AM','General',70000,70000,0,0,0,0,0,0,NULL,NULL,NULL,NULL,NULL,NULL,NULL,NULL,NULL,NULL,NULL),(90,93,92,327,72,'YINA MARCELA  AYALA',0,5,'PEDRO LUIS  PARRA ALVAREZ',1,NULL,NULL,NULL,70000,'02-09-2024 05:29 PM','03-09-2024 10:51 AM','General',70000,70000,0,0,0,0,0,0,NULL,NULL,NULL,NULL,NULL,NULL,NULL,NULL,NULL,NULL,NULL),(91,103,102,348,83,'ANA MARCELA DIAZ',0,33,'DIEGO ADOLFO TERTUA',1,NULL,NULL,NULL,90000,'03-09-2024 09:56 PM','04-09-2024 06:43 AM','General',90000,90000,0,0,0,0,0,0,NULL,NULL,NULL,NULL,NULL,NULL,NULL,NULL,NULL,NULL,NULL),(92,105,108,345,85,'ANA MARCELA DIAZ',0,211,'EDUARDO ALVARADO QUESADA',1,NULL,NULL,NULL,140000,'04-09-2024 01:55 AM','04-09-2024 06:54 AM','General',140000,140000,0,0,0,0,0,0,NULL,NULL,NULL,NULL,NULL,NULL,NULL,NULL,NULL,NULL,NULL),(93,106,109,341,88,'ANA MARCELA DIAZ',0,27,'JORGE LOPEZ',1,NULL,NULL,NULL,70000,'03-09-2024 03:14 AM','04-09-2024 09:54 AM','General',70000,70000,0,0,0,0,0,0,NULL,NULL,NULL,NULL,NULL,NULL,NULL,NULL,NULL,NULL,NULL),(94,107,110,342,91,'ANA MARCELA DIAZ',0,28,'RAFAEL SALGADO',1,NULL,NULL,NULL,70000,'03-09-2024 03:26 AM','04-09-2024 09:54 AM','General',70000,70000,0,0,0,0,0,0,NULL,NULL,NULL,NULL,NULL,NULL,NULL,NULL,NULL,NULL,NULL),(95,108,112,335,89,'ANA MARCELA DIAZ',0,21,'JHON JAIRO MURRILLO',1,NULL,NULL,NULL,96000,'03-09-2024 08:18 AM','04-09-2024 09:55 AM','General',96000,96000,0,0,0,0,0,0,NULL,NULL,NULL,NULL,NULL,NULL,NULL,NULL,NULL,NULL,NULL),(96,98,97,323,79,'ANA MARCELA DIAZ',0,1,'JONATHAN  HIGUITA GIRALDO',1,NULL,NULL,NULL,70000,'03-09-2024 04:30 PM','04-09-2024 09:56 AM','General',70000,70000,0,0,0,0,0,0,NULL,NULL,NULL,NULL,NULL,NULL,NULL,NULL,NULL,NULL,NULL),(97,104,106,332,103,'ANA MARCELA DIAZ',0,10,'JUAN CARLOS PRADA MORALES',1,NULL,NULL,NULL,70000,'03-09-2024 01:43 AM','05-09-2024 06:41 AM','General',70000,70000,0,0,0,0,0,0,NULL,NULL,NULL,NULL,NULL,NULL,NULL,NULL,NULL,NULL,NULL),(98,116,120,342,100,'ANA MARCELA DIAZ',0,28,'JORGE  CASTILLO',1,NULL,NULL,NULL,70000,'04-09-2024 08:36 PM','05-09-2024 06:42 AM','General',70000,70000,0,0,0,0,0,0,NULL,NULL,NULL,NULL,NULL,NULL,NULL,NULL,NULL,NULL,NULL),(99,112,116,351,95,'ANA MARCELA DIAZ',0,36,'JHON ALBEIRO  POSADA MURILLO',1,NULL,NULL,NULL,95000,'04-09-2024 01:48 PM','05-09-2024 06:42 AM','General',95000,95000,0,0,0,0,0,0,NULL,NULL,NULL,NULL,NULL,NULL,NULL,NULL,NULL,NULL,NULL),(100,113,56,335,97,'ANA MARCELA DIAZ',0,21,'DANIEL  TABORDA MAZO ',1,NULL,NULL,NULL,70000,'04-09-2024 05:29 PM','05-09-2024 07:17 AM','General',70000,70000,0,0,0,0,0,0,NULL,NULL,NULL,NULL,NULL,NULL,NULL,NULL,NULL,NULL,NULL),(101,119,123,341,107,'ANA MARCELA DIAZ',0,27,'FREDIS  MIGUEL ARRAEZ',1,NULL,NULL,NULL,96000,'05-09-2024 01:41 AM','05-09-2024 07:30 AM','General',96000,70000,26000,0,0,0,0,26000,NULL,NULL,NULL,NULL,NULL,NULL,NULL,NULL,NULL,NULL,NULL),(102,111,115,330,94,'ANA MARCELA DIAZ',0,8,'DUVAN ESTIBEN  MUNERA TORRES',1,NULL,NULL,NULL,70000,'04-09-2024 01:39 PM','05-09-2024 10:15 AM','General',70000,70000,0,0,0,0,0,0,NULL,NULL,NULL,NULL,NULL,NULL,NULL,NULL,NULL,NULL,NULL),(103,101,101,339,108,'ANA MARCELA DIAZ',0,25,'LUIS CARLOS DIAZ PARDO ',1,NULL,NULL,NULL,96000,'03-09-2024 07:38 PM','05-09-2024 10:15 AM','General',96000,96000,0,0,0,0,0,0,NULL,NULL,NULL,NULL,NULL,NULL,NULL,NULL,NULL,NULL,NULL),(104,118,122,350,106,'ANA MARCELA DIAZ',0,35,'ALBERTO CAMPO',1,NULL,NULL,NULL,90000,'05-09-2024 01:29 AM','05-09-2024 10:16 AM','General',90000,90000,0,0,0,0,0,0,NULL,NULL,NULL,NULL,NULL,NULL,NULL,NULL,NULL,NULL,NULL),(105,117,121,348,105,'ANA MARCELA DIAZ',0,33,'LUIS   ANGULO',1,NULL,NULL,NULL,90000,'05-09-2024 12:46 AM','05-09-2024 10:16 AM','General',90000,90000,0,0,0,0,0,0,NULL,NULL,NULL,NULL,NULL,NULL,NULL,NULL,NULL,NULL,NULL),(106,115,119,327,99,'ANA MARCELA DIAZ',0,5,'IRONIS ANDRES  MESA ARAUJO',1,NULL,NULL,NULL,70000,'04-09-2024 08:27 PM','05-09-2024 10:51 AM','General',70000,70000,0,0,0,0,0,0,NULL,NULL,NULL,NULL,NULL,NULL,NULL,NULL,NULL,NULL,NULL),(107,100,99,324,109,'ANA MARCELA DIAZ',0,2,'HORACIO MANUEL GUERRA CARABALLO',1,NULL,NULL,NULL,70000,'03-09-2024 05:17 PM','05-09-2024 10:53 AM','General',70000,70000,0,0,0,0,0,0,NULL,NULL,NULL,NULL,NULL,NULL,NULL,NULL,NULL,NULL,NULL),(108,114,118,323,116,'ANA MARCELA DIAZ',0,1,'ANTONIO LUIS  MOSCOTE ARRIETA',1,NULL,NULL,NULL,70000,'04-09-2024 07:46 PM','06-09-2024 06:28 AM','General',70000,70000,0,0,0,0,0,0,NULL,NULL,NULL,NULL,NULL,NULL,NULL,NULL,NULL,NULL,NULL),(109,121,119,344,118,'ANA MARCELA DIAZ',0,210,'IRONIS ANDRES  MESA ARAUJO',1,NULL,NULL,NULL,70000,'05-09-2024 10:36 AM','06-09-2024 06:28 AM','General',70000,70000,0,0,0,0,0,0,NULL,NULL,NULL,NULL,NULL,NULL,NULL,NULL,NULL,NULL,NULL),(110,124,75,335,112,'ANA MARCELA DIAZ',0,21,'ELEN MARIA GARCIA THERAN',1,NULL,NULL,NULL,70000,'05-09-2024 09:26 PM','06-09-2024 09:31 AM','General',70000,70000,0,0,0,0,0,0,NULL,NULL,NULL,NULL,NULL,NULL,NULL,NULL,NULL,NULL,NULL),(111,110,114,326,117,'ANA MARCELA DIAZ',0,4,'NORVEY ENRIQUE BARRIOS ACUÑA',1,NULL,NULL,NULL,70000,'04-09-2024 01:34 PM','06-09-2024 09:31 AM','General',70000,70000,0,0,0,0,0,0,NULL,NULL,NULL,NULL,NULL,NULL,NULL,NULL,NULL,NULL,NULL),(112,109,111,340,90,'YINA MARCELA  AYALA',0,26,'GUSTAVO SOTO',3,NULL,NULL,NULL,70000,'03-09-2024 08:24 AM','06-09-2024 09:34 AM','General',210000,195000,0,15000,0,0,0,15000,NULL,NULL,NULL,NULL,NULL,NULL,NULL,NULL,NULL,NULL,NULL),(113,127,126,346,122,'ANA MARCELA DIAZ',0,31,'MOISES DAVIS	G UARIN NAVARRO ',1,NULL,NULL,NULL,95000,'06-09-2024 04:01 PM','07-09-2024 10:29 AM','General',95000,95000,0,0,0,0,0,0,NULL,NULL,NULL,NULL,NULL,NULL,NULL,NULL,NULL,NULL,NULL),(114,129,75,335,125,'ANA MARCELA DIAZ',0,21,'ELEN MARIA GARCIA THERAN',1,NULL,NULL,NULL,70000,'06-09-2024 06:52 PM','07-09-2024 10:29 AM','General',70000,70000,0,0,0,0,0,0,NULL,NULL,NULL,NULL,NULL,NULL,NULL,NULL,NULL,NULL,NULL),(115,128,127,326,124,'ANA MARCELA DIAZ',0,4,'HERNADO JOSE  MOGOLLON ROCHA',1,NULL,NULL,NULL,70000,'06-09-2024 05:50 PM','07-09-2024 10:29 AM','General',70000,70000,0,0,0,0,0,0,NULL,NULL,NULL,NULL,NULL,NULL,NULL,NULL,NULL,NULL,NULL),(116,126,125,330,121,'ANA MARCELA DIAZ',0,8,'JAIDER LUIS  MADRID MONTES',1,NULL,NULL,NULL,70000,'06-09-2024 11:39 AM','07-09-2024 01:37 PM','General',70000,70000,0,0,7000,0,0,0,NULL,NULL,NULL,NULL,NULL,NULL,NULL,NULL,NULL,NULL,NULL),(117,97,71,336,129,'ENILSA PINTO',0,22,'JAVIER ANDRES LOBO PEREZ',4,NULL,NULL,NULL,96000,'03-09-2024 04:21 AM','07-09-2024 02:12 PM','General',384000,1526000,-1147000,5000,9600,0,0,0,NULL,NULL,NULL,NULL,NULL,NULL,NULL,NULL,NULL,NULL,NULL),(118,125,71,336,136,'empleado',0,22,'JAVIER ANDRES LOBO PEREZ',2,NULL,NULL,NULL,96000,'06-09-2024 12:00 AM','08-09-2024 05:50 AM','General',192000,2577000,-2385000,0,0,0,0,0,NULL,NULL,NULL,NULL,NULL,NULL,NULL,NULL,NULL,NULL,NULL),(119,138,136,355,141,'ANA MARCELA DIAZ',0,310,'EYDER  LASPRILLA YASNO',1,NULL,NULL,NULL,90000,'08-09-2024 06:33 AM','08-09-2024 06:42 AM','General',90000,360000,-270000,0,0,0,0,0,NULL,NULL,NULL,NULL,NULL,NULL,NULL,NULL,NULL,NULL,NULL),(120,135,133,335,139,'ANA MARCELA DIAZ',0,21,'OSWALDO JOSE TAMARA RUIZ',1,NULL,NULL,NULL,70000,'08-09-2024 05:55 AM','08-09-2024 06:43 AM','General',70000,682000,-612000,0,0,0,0,0,NULL,NULL,NULL,NULL,NULL,NULL,NULL,NULL,NULL,NULL,NULL),(121,130,128,337,126,'ANA MARCELA DIAZ',0,23,'JERONIMO JOSE HERNANDEZ ALTAMIRANDA',2,NULL,NULL,NULL,145000,'06-09-2024 07:45 PM','08-09-2024 08:15 AM','General',290000,290000,0,0,0,0,0,0,NULL,NULL,NULL,NULL,NULL,NULL,NULL,NULL,NULL,NULL,NULL),(122,137,135,351,142,'ANA MARCELA DIAZ',0,36,'GABRIEL ENRRIQUE VILORIA ACOSTA',1,NULL,NULL,NULL,95000,'08-09-2024 06:26 AM','08-09-2024 10:11 AM','General',95000,285000,-190000,0,0,17500,0,0,NULL,NULL,NULL,NULL,NULL,NULL,NULL,NULL,NULL,NULL,NULL),(123,120,121,332,145,'empleado',0,10,'LUIS   ANGULO',3,NULL,NULL,NULL,70000,'05-09-2024 10:20 AM','08-09-2024 10:16 AM','General',210000,630000,-420000,0,0,17500,0,0,NULL,NULL,NULL,NULL,NULL,NULL,NULL,NULL,NULL,NULL,NULL),(124,122,122,324,137,'empleado',0,2,'ALBERTO CAMPO',3,NULL,NULL,NULL,70000,'05-09-2024 10:51 AM','08-09-2024 10:16 AM','General',210000,630000,-420000,0,0,17500,0,0,NULL,NULL,NULL,NULL,NULL,NULL,NULL,NULL,NULL,NULL,NULL),(125,81,74,334,133,'empleado',0,12,'JUBENCIO  MOLINA RODIGUEZ',8,NULL,NULL,NULL,70000,'31-08-2024 12:31 PM','08-09-2024 10:27 AM','General',560000,700000,-140000,0,0,17500,0,0,NULL,NULL,NULL,NULL,NULL,NULL,NULL,NULL,NULL,NULL,NULL),(126,136,134,350,140,'empleado',0,35,'CESAR JOSE CAAMAÑO SIERRA',1,NULL,NULL,NULL,90000,'08-09-2024 06:24 AM','08-09-2024 10:48 AM','General',90000,450000,-360000,0,0,17500,0,0,NULL,NULL,NULL,NULL,NULL,NULL,NULL,NULL,NULL,NULL,NULL),(127,142,88,335,149,'ANA MARCELA DIAZ',0,21,'ALVARO  JIMENEZ',1,NULL,NULL,NULL,96000,'09-09-2024 05:18 AM','09-09-2024 06:08 AM','General',96000,778000,-682000,0,0,0,0,0,NULL,NULL,NULL,NULL,NULL,NULL,NULL,NULL,NULL,NULL,NULL),(128,140,137,326,144,'ANA MARCELA DIAZ',0,4,'JOISE DE LOS ANGELES  GUAUQUE BARRERA',1,NULL,NULL,NULL,70000,'08-09-2024 09:24 AM','09-09-2024 06:26 AM','General',70000,700000,-630000,0,0,0,0,0,NULL,NULL,NULL,NULL,NULL,NULL,NULL,NULL,NULL,NULL,NULL),(129,132,130,348,135,'ANA MARCELA DIAZ',0,33,'BERNARDO BLANCO  TORREZ',2,NULL,NULL,NULL,90000,'07-09-2024 05:15 PM','09-09-2024 09:18 AM','General',180000,720000,-540000,0,0,0,0,0,NULL,NULL,NULL,NULL,NULL,NULL,NULL,NULL,NULL,NULL,NULL),(130,89,87,325,146,'ANA MARCELA DIAZ',0,3,'FILIBERTO BALDION',7,NULL,NULL,NULL,70000,'02-09-2024 12:30 AM','09-09-2024 10:21 AM','General',490000,770000,-285000,5000,0,0,0,0,NULL,NULL,NULL,NULL,NULL,NULL,NULL,NULL,NULL,NULL,NULL),(131,141,138,332,148,'ANA MARCELA DIAZ',0,10,'CAMILO  ANDELFO BONILLA  CASTRO',1,NULL,NULL,NULL,70000,'08-09-2024 03:31 PM','09-09-2024 11:13 AM','General',70000,700000,-630000,0,7000,0,0,0,NULL,NULL,NULL,NULL,NULL,NULL,NULL,NULL,NULL,NULL,NULL),(132,133,131,336,0,'empleado',0,22,'EDILBERTO DEL JESUS ARANGO GALVIZ',3,NULL,NULL,NULL,70000,'07-09-2024 09:20 PM','10-09-2024 04:30 AM','General',210000,2577000,-2367000,0,0,0,0,0,NULL,NULL,NULL,NULL,NULL,NULL,NULL,NULL,NULL,NULL,NULL),(133,147,143,324,157,'DARLYS VALDES',0,2,'AYRTON MIGUEL GONZALES JIMENEZ',1,NULL,NULL,NULL,70000,'09-09-2024 08:04 PM','10-09-2024 10:55 AM','General',70000,700000,-630000,0,0,0,0,0,NULL,NULL,NULL,NULL,NULL,NULL,NULL,NULL,NULL,NULL,NULL),(134,146,142,334,155,'DARLYS VALDES',0,12,'JORGE HUMBERTO BRETON TRUJILLO',1,NULL,NULL,NULL,70000,'09-09-2024 07:32 PM','10-09-2024 10:58 AM','General',70000,770000,-700000,0,0,0,0,0,NULL,NULL,NULL,NULL,NULL,NULL,NULL,NULL,NULL,NULL,NULL),(135,151,144,329,0,'DARLYS VALDES',0,8,'WILSON YOVANY ROMERO MONTOYA',1,NULL,NULL,NULL,85000,'10-09-2024 05:10 AM','10-09-2024 10:59 AM','General',85000,0,85000,0,0,0,0,85000,NULL,NULL,NULL,NULL,NULL,NULL,NULL,NULL,NULL,NULL,NULL),(136,144,140,326,153,'YINA MARCELA  AYALA',0,4,'VICTOR MANUEL HERRERA MALDONADO',1,NULL,NULL,NULL,70000,'09-09-2024 05:50 PM','10-09-2024 02:05 PM','General',70000,770000,-700000,0,14000,0,0,0,NULL,NULL,NULL,NULL,NULL,NULL,NULL,NULL,NULL,NULL,NULL),(137,154,144,358,159,'YINA MARCELA  AYALA',0,7,'WILSON YOVANY ROMERO MONTOYA',1,NULL,NULL,NULL,70000,'10-09-2024 11:16 AM','10-09-2024 02:05 PM','General',70000,70000,0,0,14000,0,0,0,NULL,NULL,NULL,NULL,NULL,NULL,NULL,NULL,NULL,NULL,NULL),(138,131,129,341,162,'YINA MARCELA  AYALA',0,27,'ALIN FABIAN  MARTINEZ RAMON',4,NULL,NULL,NULL,96000,'07-09-2024 10:15 AM','10-09-2024 04:54 PM','General',384000,524000,-140000,0,0,0,0,0,NULL,NULL,NULL,NULL,NULL,NULL,NULL,NULL,NULL,NULL,NULL),(139,160,76,358,168,'ANA MARCELA DIAZ',0,7,'YONNY ANTONIO  CORDOBA BEJARANO',1,NULL,NULL,NULL,70000,'10-09-2024 06:51 PM','11-09-2024 05:59 AM','General',70000,140000,-70000,0,0,0,0,0,NULL,NULL,NULL,NULL,NULL,NULL,NULL,NULL,NULL,NULL,NULL),(140,159,148,334,167,'ANA MARCELA DIAZ',0,12,'ADALBERTO FIGUEROA',1,NULL,NULL,NULL,70000,'10-09-2024 06:15 PM','11-09-2024 06:29 AM','General',70000,840000,-770000,0,0,0,0,0,NULL,NULL,NULL,NULL,NULL,NULL,NULL,NULL,NULL,NULL,NULL),(141,158,147,324,165,'ANA MARCELA DIAZ',0,2,'LUIS ALBERTO MEDINA LEYVA',1,NULL,NULL,NULL,70000,'10-09-2024 06:11 PM','11-09-2024 06:30 AM','General',70000,770000,-700000,0,0,0,0,0,NULL,NULL,NULL,NULL,NULL,NULL,NULL,NULL,NULL,NULL,NULL),(142,156,146,326,164,'ANA MARCELA DIAZ',0,4,'ELDER JULIAN GARNICA SISA',1,NULL,NULL,NULL,70000,'10-09-2024 06:05 PM','11-09-2024 06:31 AM','General',70000,840000,-770000,0,0,0,0,0,NULL,NULL,NULL,NULL,NULL,NULL,NULL,NULL,NULL,NULL,NULL),(143,143,139,325,151,'ANA MARCELA DIAZ',0,3,'JOSE LUIS AREVALO HERN ANDEZ',2,NULL,NULL,NULL,70000,'09-09-2024 05:38 AM','11-09-2024 06:50 AM','General',140000,910000,-770000,0,0,0,0,0,NULL,NULL,NULL,NULL,NULL,NULL,NULL,NULL,NULL,NULL,NULL),(144,162,149,332,172,'ANA MARCELA DIAZ',0,10,'JHON FREDYS ROCHA ALTAMAR ',1,NULL,NULL,NULL,70000,'10-09-2024 09:23 PM','11-09-2024 09:07 AM','General',70000,770000,-700000,0,0,0,0,0,NULL,NULL,NULL,NULL,NULL,NULL,NULL,NULL,NULL,NULL,NULL),(145,161,92,323,170,'ANA MARCELA DIAZ',0,1,'PEDRO LUIS  PARRA ALVAREZ',1,NULL,NULL,NULL,70000,'10-09-2024 08:16 PM','11-09-2024 09:09 AM','General',70000,420000,-350000,0,0,0,0,0,NULL,NULL,NULL,NULL,NULL,NULL,NULL,NULL,NULL,NULL,NULL),(146,163,97,323,173,'KEILY JOHANA LOPEZ',0,1,'JONATHAN  HIGUITA GIRALDO',1,NULL,NULL,NULL,70000,'11-09-2024 03:57 PM','12-09-2024 05:52 AM','General',70000,490000,-420000,0,0,0,0,0,NULL,NULL,NULL,NULL,NULL,NULL,NULL,NULL,NULL,NULL,NULL),(147,168,154,325,179,'ANA MARCELA DIAZ',0,3,'ELIANA PATRICIA MOJICA GOMEZ',1,NULL,NULL,NULL,70000,'11-09-2024 05:06 PM','12-09-2024 08:14 AM','General',70000,980000,-910000,0,0,0,0,0,NULL,NULL,NULL,NULL,NULL,NULL,NULL,NULL,NULL,NULL,NULL),(148,169,155,358,180,'ANA MARCELA DIAZ',0,7,'JOSE MARIA POLO PANTOJA',1,NULL,NULL,NULL,70000,'11-09-2024 05:10 PM','12-09-2024 08:14 AM','General',70000,210000,-140000,0,0,0,0,0,NULL,NULL,NULL,NULL,NULL,NULL,NULL,NULL,NULL,NULL,NULL),(149,167,153,326,178,'ANA MARCELA DIAZ',0,4,'YEZERTIN NAVARRO PEREZ',1,NULL,NULL,NULL,70000,'11-09-2024 04:57 PM','12-09-2024 08:15 AM','General',70000,910000,-840000,0,0,0,0,0,NULL,NULL,NULL,NULL,NULL,NULL,NULL,NULL,NULL,NULL,NULL),(150,172,158,355,184,'ANA MARCELA DIAZ',0,310,'JUAN CARLOS VERA AREIZA',1,NULL,NULL,NULL,90000,'11-09-2024 10:05 PM','12-09-2024 08:42 AM','General',90000,450000,-360000,0,0,0,0,0,NULL,NULL,NULL,NULL,NULL,NULL,NULL,NULL,NULL,NULL,NULL),(151,171,157,350,182,'ANA MARCELA DIAZ',0,35,'JEROBOAN  RAMIREZ RAMIREZ',1,NULL,NULL,NULL,90000,'11-09-2024 06:13 PM','12-09-2024 09:12 AM','General',90000,540000,-450000,0,0,0,0,0,NULL,NULL,NULL,NULL,NULL,NULL,NULL,NULL,NULL,NULL,NULL),(152,170,156,349,181,'ANA MARCELA DIAZ',0,34,'LINA MARIA FLOREZ ZANABRIA',1,NULL,NULL,NULL,90000,'11-09-2024 06:06 PM','12-09-2024 09:12 AM','General',90000,270000,-180000,0,0,0,0,0,NULL,NULL,NULL,NULL,NULL,NULL,NULL,NULL,NULL,NULL,NULL),(153,166,152,337,176,'ANA MARCELA DIAZ',0,23,'LIZ KATERINE PEREZ FUERTEN ',1,NULL,NULL,NULL,145000,'11-09-2024 04:45 PM','12-09-2024 10:10 AM','General',145000,435000,-290000,0,0,0,0,0,NULL,NULL,NULL,NULL,NULL,NULL,NULL,NULL,NULL,NULL,NULL),(154,165,151,334,175,'ANA MARCELA DIAZ',0,12,'OSCAR ENRIQUE  ORTIZ VANEGAS',1,NULL,NULL,NULL,70000,'11-09-2024 04:40 PM','12-09-2024 11:18 AM','General',70000,910000,-840000,0,7000,0,0,0,NULL,NULL,NULL,NULL,NULL,NULL,NULL,NULL,NULL,NULL,NULL),(155,145,141,354,169,'ANA MARCELA DIAZ',0,39,'MILLER DEIBY RUBIO ARIAS',3,NULL,NULL,NULL,95000,'09-09-2024 07:24 PM','12-09-2024 11:18 AM','General',285000,285000,0,0,9500,0,0,0,NULL,NULL,NULL,NULL,NULL,NULL,NULL,NULL,NULL,NULL,NULL),(156,164,150,324,174,'empleado',0,2,'NELSON ALBERTO ARIAS  GIL',2,NULL,NULL,NULL,70000,'11-09-2024 04:22 PM','12-09-2024 07:24 PM','General',140000,840000,-700000,0,0,0,0,0,NULL,NULL,NULL,NULL,NULL,NULL,NULL,NULL,NULL,NULL,NULL),(157,155,145,348,194,'ANA MARCELA DIAZ',0,33,'ALEXANDER OSORIO ALFARO',3,NULL,NULL,NULL,90000,'10-09-2024 04:09 PM','13-09-2024 06:43 AM','General',270000,990000,-720000,0,0,0,0,0,NULL,NULL,NULL,NULL,NULL,NULL,NULL,NULL,NULL,NULL,NULL),(158,176,158,346,191,'ANA MARCELA DIAZ',0,31,'JUAN CARLOS VERA AREIZA',1,NULL,NULL,NULL,95000,'13-09-2024 12:36 AM','13-09-2024 06:44 AM','General',95000,190000,-95000,0,0,0,0,0,NULL,NULL,NULL,NULL,NULL,NULL,NULL,NULL,NULL,NULL,NULL),(159,175,161,326,189,'ANA MARCELA DIAZ',0,4,'JULIAN CASTAÑO ROJAS ',1,NULL,NULL,NULL,70000,'12-09-2024 08:21 PM','13-09-2024 07:08 AM','General',70000,980000,-910000,0,0,0,0,0,NULL,NULL,NULL,NULL,NULL,NULL,NULL,NULL,NULL,NULL,NULL),(160,92,91,331,195,'ANA MARCELA DIAZ',0,9,'FERNEY USUGA ORTEGA',11,NULL,NULL,NULL,70000,'02-09-2024 05:23 PM','13-09-2024 07:09 AM','General',770000,980000,-210000,0,0,0,0,0,NULL,NULL,NULL,NULL,NULL,NULL,NULL,NULL,NULL,NULL,NULL),(161,174,160,358,188,'ANA MARCELA DIAZ',0,7,'ELUD PAEZ',1,NULL,NULL,NULL,70000,'12-09-2024 06:31 PM','13-09-2024 07:09 AM','General',70000,280000,-210000,0,0,0,0,0,NULL,NULL,NULL,NULL,NULL,NULL,NULL,NULL,NULL,NULL,NULL),(162,173,159,325,187,'ANA MARCELA DIAZ',0,3,'JAUWIN FUENTES SALCEDO',1,NULL,NULL,NULL,70000,'12-09-2024 06:13 PM','13-09-2024 08:44 AM','General',70000,1050000,-980000,0,0,0,0,0,NULL,NULL,NULL,NULL,NULL,NULL,NULL,NULL,NULL,NULL,NULL),(163,178,162,351,193,'ANA MARCELA DIAZ',0,36,'JEINER RODRIGUEZ',1,NULL,NULL,NULL,95000,'13-09-2024 06:27 AM','13-09-2024 10:50 AM','General',95000,760000,-665000,0,0,0,0,0,NULL,NULL,NULL,NULL,NULL,NULL,NULL,NULL,NULL,NULL,NULL),(164,177,162,334,192,'ANA MARCELA DIAZ',0,12,'JEINER RODRIGUEZ',1,NULL,NULL,NULL,70000,'13-09-2024 06:16 AM','13-09-2024 11:07 AM','General',70000,980000,-910000,0,0,0,0,0,NULL,NULL,NULL,NULL,NULL,NULL,NULL,NULL,NULL,NULL,NULL),(165,194,176,341,211,'empleado',0,27,'KELLY DAYANA  ZAPATA',1,NULL,NULL,NULL,96000,'14-09-2024 02:51 AM','14-09-2024 06:14 AM','General',96000,594000,-498000,0,0,0,0,0,NULL,NULL,NULL,NULL,NULL,NULL,NULL,NULL,NULL,NULL,NULL),(166,189,97,323,205,'ANA MARCELA DIAZ',0,1,'JONATHAN  HIGUITA GIRALDO',1,NULL,NULL,NULL,70000,'13-09-2024 06:33 PM','14-09-2024 06:19 AM','General',70000,560000,-490000,0,0,0,0,0,NULL,NULL,NULL,NULL,NULL,NULL,NULL,NULL,NULL,NULL,NULL),(167,181,164,332,198,'ANA MARCELA DIAZ',0,10,'PEDRO JAVIER MARTINEZ GAONA',1,NULL,NULL,NULL,70000,'13-09-2024 12:35 PM','14-09-2024 06:20 AM','General',70000,840000,-770000,0,0,0,0,0,NULL,NULL,NULL,NULL,NULL,NULL,NULL,NULL,NULL,NULL,NULL),(168,201,180,342,215,'ANA MARCELA DIAZ',0,28,'JAROLD  ACOSTA SANCHEZ ',1,NULL,NULL,NULL,70000,'14-09-2024 05:43 AM','14-09-2024 06:27 AM','General',70000,210000,-140000,0,0,0,0,0,NULL,NULL,NULL,NULL,NULL,NULL,NULL,NULL,NULL,NULL,NULL),(169,199,179,344,216,'ANA MARCELA DIAZ',0,210,'MAURICIO  RAEL ',1,NULL,NULL,NULL,70000,'14-09-2024 05:31 AM','14-09-2024 06:32 AM','General',70000,280000,-210000,0,0,0,0,0,NULL,NULL,NULL,NULL,NULL,NULL,NULL,NULL,NULL,NULL,NULL),(170,192,173,335,208,'empleado',0,21,'YOIMER  BENITES',1,NULL,NULL,NULL,70000,'13-09-2024 08:00 PM','14-09-2024 06:55 AM','General',70000,848000,-778000,0,0,0,0,0,NULL,NULL,NULL,NULL,NULL,NULL,NULL,NULL,NULL,NULL,NULL),(171,187,169,345,203,'ANA MARCELA DIAZ',0,211,'ANDRES ALFONSO  CEBALLOS FERIA ',1,NULL,NULL,NULL,140000,'13-09-2024 05:37 PM','14-09-2024 07:41 AM','General',140000,560000,-420000,0,0,0,0,0,NULL,NULL,NULL,NULL,NULL,NULL,NULL,NULL,NULL,NULL,NULL),(172,186,168,324,202,'ANA MARCELA DIAZ',0,2,'AMAURIS JOSE CASTILLOS ALVIS',1,NULL,NULL,NULL,70000,'13-09-2024 05:16 PM','14-09-2024 07:41 AM','General',70000,910000,-840000,0,0,0,0,0,NULL,NULL,NULL,NULL,NULL,NULL,NULL,NULL,NULL,NULL,NULL),(173,188,170,325,204,'ANA MARCELA DIAZ',0,3,'HECTOR  CUERVO',1,NULL,NULL,NULL,70000,'13-09-2024 05:45 PM','14-09-2024 09:34 AM','General',70000,1120000,-1050000,0,0,0,0,0,NULL,NULL,NULL,NULL,NULL,NULL,NULL,NULL,NULL,NULL,NULL),(174,183,166,358,200,'ANA MARCELA DIAZ',0,7,'ESNEIDER CEBALLOS HENAO',1,NULL,NULL,NULL,70000,'13-09-2024 01:22 PM','14-09-2024 09:34 AM','General',70000,350000,-280000,0,0,0,0,0,NULL,NULL,NULL,NULL,NULL,NULL,NULL,NULL,NULL,NULL,NULL),(175,191,172,340,207,'ANA MARCELA DIAZ',0,26,'ANTONIO CAMARGO PANZA',1,NULL,NULL,NULL,70000,'13-09-2024 07:40 PM','14-09-2024 09:35 AM','General',70000,472000,-402000,0,0,0,0,0,NULL,NULL,NULL,NULL,NULL,NULL,NULL,NULL,NULL,NULL,NULL),(176,182,165,349,199,'ANA MARCELA DIAZ',0,34,'YINA VANESSA NARVAEZ MONT',1,NULL,NULL,NULL,90000,'13-09-2024 01:15 PM','14-09-2024 09:35 AM','General',90000,360000,-270000,0,0,0,0,0,NULL,NULL,NULL,NULL,NULL,NULL,NULL,NULL,NULL,NULL,NULL),(177,185,167,346,201,'ANA MARCELA DIAZ',0,31,'EDUARDO ENRIQUE  PAYARES ARTEAGA',1,NULL,NULL,NULL,95000,'13-09-2024 03:08 PM','14-09-2024 10:48 AM','General',95000,285000,-190000,0,0,0,0,0,NULL,NULL,NULL,NULL,NULL,NULL,NULL,NULL,NULL,NULL,NULL),(178,195,177,353,217,'ANA MARCELA DIAZ',0,38,'ANGEL ANTONIO OROZCO',1,NULL,NULL,NULL,95000,'14-09-2024 03:11 AM','14-09-2024 10:48 AM','General',95000,95000,0,0,0,0,0,0,NULL,NULL,NULL,NULL,NULL,NULL,NULL,NULL,NULL,NULL,NULL),(179,150,71,336,218,'ANA MARCELA DIAZ',0,22,'JAVIER ANDRES LOBO PEREZ',4,NULL,NULL,NULL,96000,'10-09-2024 04:54 AM','14-09-2024 10:50 AM','General',384000,1339000,-955000,0,0,0,0,0,NULL,NULL,NULL,NULL,NULL,NULL,NULL,NULL,NULL,NULL,NULL),(180,123,124,339,196,'YINA MARCELA  AYALA',0,25,'WILSON ANDRES ÑUSTES RODRIGUEZ ',10,NULL,NULL,NULL,96000,'05-09-2024 06:36 PM','15-09-2024 04:41 AM','General',960000,1344000,-404000,20000,0,0,0,0,NULL,NULL,NULL,NULL,NULL,NULL,NULL,NULL,NULL,NULL,NULL),(181,204,183,334,227,'NOVERLIS ARIAS',0,12,'KELLY JOHANA  PELUFFO QUINTANA',1,NULL,NULL,NULL,70000,'14-09-2024 08:27 PM','15-09-2024 06:07 AM','General',70000,1050000,-980000,0,0,0,0,0,NULL,NULL,NULL,NULL,NULL,NULL,NULL,NULL,NULL,NULL,NULL),(182,190,171,348,222,'NOVERLIS ARIAS',0,33,'LUZ MERYS  RIOS CANADA',2,NULL,NULL,NULL,90000,'13-09-2024 07:21 PM','15-09-2024 06:19 AM','General',180000,1170000,-990000,0,0,0,0,0,NULL,NULL,NULL,NULL,NULL,NULL,NULL,NULL,NULL,NULL,NULL),(183,180,163,326,226,'NOVERLIS ARIAS',0,4,'JOSE ROGELIO TRUJILLO RIVERA',2,NULL,NULL,NULL,70000,'13-09-2024 11:13 AM','15-09-2024 06:37 AM','General',140000,1120000,-980000,0,0,0,0,0,NULL,NULL,NULL,NULL,NULL,NULL,NULL,NULL,NULL,NULL,NULL),(184,207,185,356,230,'NOVERLIS ARIAS',0,311,'VICTOR ALFONSO LOZANO ZAGARRA',1,NULL,NULL,NULL,90000,'15-09-2024 12:49 AM','15-09-2024 07:08 AM','General',90000,90000,0,0,0,0,0,0,NULL,NULL,NULL,NULL,NULL,NULL,NULL,NULL,NULL,NULL,NULL),(185,206,184,353,229,'NOVERLIS ARIAS',0,38,'YESSICA YULIETH RODRIGUEZ TORRES',1,NULL,NULL,NULL,95000,'14-09-2024 11:04 PM','15-09-2024 07:19 AM','General',95000,190000,-95000,0,0,0,0,0,NULL,NULL,NULL,NULL,NULL,NULL,NULL,NULL,NULL,NULL,NULL),(186,193,174,350,221,'NOVERLIS ARIAS',0,35,'DANILED ALAMANZA',2,NULL,NULL,NULL,90000,'13-09-2024 08:23 PM','15-09-2024 10:46 AM','General',180000,720000,-540000,0,0,0,0,0,NULL,NULL,NULL,NULL,NULL,NULL,NULL,NULL,NULL,NULL,NULL),(187,203,182,331,223,'NOVERLIS ARIAS',0,9,'DIEGO FERNANDO   GAITAN RAMOS',1,NULL,NULL,NULL,70000,'14-09-2024 06:05 PM','15-09-2024 10:58 AM','General',70000,1050000,-980000,0,0,0,0,0,NULL,NULL,NULL,NULL,NULL,NULL,NULL,NULL,NULL,NULL,NULL),(188,208,186,325,231,'NOVERLIS ARIAS',0,3,'JULIO CESAR  BARRETO TREJOS ',1,NULL,NULL,NULL,70000,'15-09-2024 01:20 AM','15-09-2024 11:02 AM','General',70000,1190000,-1120000,0,0,0,0,0,NULL,NULL,NULL,NULL,NULL,NULL,NULL,NULL,NULL,NULL,NULL),(189,202,181,354,232,'empleado',0,39,'NELSON EUGENIO FRANCO DE LA CRUZ',1,NULL,NULL,NULL,95000,'14-09-2024 07:03 AM','15-09-2024 02:18 PM','General',95000,380000,-285000,0,9500,9500,0,0,NULL,NULL,NULL,NULL,NULL,NULL,NULL,NULL,NULL,NULL,NULL),(190,212,88,332,238,'YINA MARCELA  AYALA',0,10,'ALVARO  JIMENEZ',1,NULL,NULL,NULL,96000,'15-09-2024 11:05 PM','16-09-2024 05:10 AM','General',96000,936000,-840000,0,0,0,0,0,NULL,NULL,NULL,NULL,NULL,NULL,NULL,NULL,NULL,NULL,NULL),(191,211,189,335,237,'ANA MARCELA DIAZ',0,21,'LUIS FERNANDO  QUIROZ ARROLLO',1,NULL,NULL,NULL,96000,'15-09-2024 08:44 PM','16-09-2024 05:47 AM','General',96000,944000,-848000,0,0,0,0,0,NULL,NULL,NULL,NULL,NULL,NULL,NULL,NULL,NULL,NULL,NULL),(192,205,145,349,236,'ANA MARCELA DIAZ',0,34,'ALEXANDER OSORIO ALFARO',2,NULL,NULL,NULL,90000,'14-09-2024 08:37 PM','16-09-2024 08:30 AM','General',180000,540000,-360000,0,0,0,0,0,NULL,NULL,NULL,NULL,NULL,NULL,NULL,NULL,NULL,NULL,NULL),(193,209,187,358,233,'ANA MARCELA DIAZ',0,7,'MARCELO  MORALEZ AMAYA',1,NULL,NULL,NULL,70000,'15-09-2024 04:00 PM','16-09-2024 09:24 AM','General',70000,420000,-350000,0,0,0,0,0,NULL,NULL,NULL,NULL,NULL,NULL,NULL,NULL,NULL,NULL,NULL),(194,210,188,329,235,'ANA MARCELA DIAZ',0,8,'GERMAN MARTINEZ DIAZ',1,NULL,NULL,NULL,85000,'15-09-2024 05:34 PM','16-09-2024 11:13 AM','General',85000,170000,-85000,0,8500,0,0,0,NULL,NULL,NULL,NULL,NULL,NULL,NULL,NULL,NULL,NULL,NULL),(195,213,190,348,239,'ANA MARCELA DIAZ',0,33,'ANGEL ENRRIQUE MEDINA PACHECO',1,NULL,NULL,NULL,90000,'16-09-2024 12:35 AM','16-09-2024 11:22 AM','General',90000,1260000,-1170000,0,9000,0,0,0,NULL,NULL,NULL,NULL,NULL,NULL,NULL,NULL,NULL,NULL,NULL),(196,198,178,351,0,'ENILSA PINTO',0,36,'KAREN SILVERA',3,NULL,NULL,NULL,95000,'14-09-2024 03:15 AM','16-09-2024 09:40 PM','General',285000,0,285000,0,0,0,0,285000,NULL,NULL,NULL,NULL,NULL,NULL,NULL,NULL,NULL,NULL,NULL),(197,216,182,325,246,'ENILSA PINTO',0,3,'DIEGO FERNANDO   GAITAN RAMOS',1,NULL,NULL,NULL,70000,'16-09-2024 10:29 PM','17-09-2024 08:51 AM','General',70000,70000,0,0,0,0,0,0,NULL,NULL,NULL,NULL,NULL,NULL,NULL,NULL,NULL,NULL,NULL),(198,217,120,326,247,'ENILSA PINTO',0,4,'JORGE  CASTILLO',1,NULL,NULL,NULL,70000,'16-09-2024 10:31 PM','17-09-2024 08:51 AM','General',70000,70000,0,0,0,0,0,0,NULL,NULL,NULL,NULL,NULL,NULL,NULL,NULL,NULL,NULL,NULL),(199,218,194,327,248,'ENILSA PINTO',0,5,'JASSER  RAFAEL SEGEBRE SANABRIA',1,NULL,NULL,NULL,70000,'16-09-2024 10:35 PM','17-09-2024 08:52 AM','General',70000,70000,0,0,0,0,0,0,NULL,NULL,NULL,NULL,NULL,NULL,NULL,NULL,NULL,NULL,NULL),(200,219,191,358,249,'ENILSA PINTO',0,7,'JUAN CARLOS  LOAIZA ',1,NULL,NULL,NULL,70000,'16-09-2024 10:56 PM','17-09-2024 08:52 AM','General',70000,70000,0,0,0,0,0,0,NULL,NULL,NULL,NULL,NULL,NULL,NULL,NULL,NULL,NULL,NULL),(201,222,145,348,252,'ENILSA PINTO',0,33,'ALEXANDER OSORIO ALFARO',1,NULL,NULL,NULL,90000,'16-09-2024 11:17 PM','17-09-2024 08:52 AM','General',90000,90000,0,0,0,0,0,0,NULL,NULL,NULL,NULL,NULL,NULL,NULL,NULL,NULL,NULL,NULL),(202,198,178,351,254,'ENILSA PINTO',0,36,'KAREN SILVERA',2,NULL,NULL,NULL,95000,'14-09-2024 03:15 AM','16-09-2024 01:11 PM','General',190000,199500,-9500,0,19000,0,0,0,NULL,NULL,NULL,NULL,NULL,NULL,NULL,NULL,NULL,NULL,NULL),(203,225,197,349,240,'ANA MARCELA DIAZ',0,34,'CARLOS AUGUSTO	 GIL DELGADO ',1,NULL,NULL,NULL,90000,'17-09-2024 01:48 AM','17-09-2024 09:22 AM','General',90000,90000,0,0,0,0,0,0,NULL,NULL,NULL,NULL,NULL,NULL,NULL,NULL,NULL,NULL,NULL),(204,226,198,350,241,'ANA MARCELA DIAZ',0,35,'roxana caceres quiñonez',1,NULL,NULL,NULL,90000,'17-09-2024 01:51 AM','17-09-2024 09:22 AM','General',90000,90000,0,0,0,0,0,0,NULL,NULL,NULL,NULL,NULL,NULL,NULL,NULL,NULL,NULL,NULL),(205,224,196,355,242,'ANA MARCELA DIAZ',0,310,'YIMMY ALEJANDRO SANCHEX PINEDA',1,NULL,NULL,NULL,90000,'17-09-2024 12:28 AM','17-09-2024 11:00 AM','General',90000,90000,0,0,0,0,0,0,NULL,NULL,NULL,NULL,NULL,NULL,NULL,NULL,NULL,NULL,NULL),(206,221,76,331,251,'ANA MARCELA DIAZ',0,9,'YONNY ANTONIO  CORDOBA BEJARANO',1,NULL,NULL,NULL,70000,'16-09-2024 11:08 PM','17-09-2024 11:10 AM','General',70000,70000,0,0,0,0,0,0,NULL,NULL,NULL,NULL,NULL,NULL,NULL,NULL,NULL,NULL,NULL),(207,220,195,329,250,'ANA MARCELA DIAZ',0,8,'carlos mauro atencio turizo',1,NULL,NULL,NULL,85000,'16-09-2024 11:02 PM','17-09-2024 11:55 AM','General',85000,85000,0,0,8500,0,0,0,NULL,NULL,NULL,NULL,NULL,NULL,NULL,NULL,NULL,NULL,NULL),(208,214,192,323,258,'ENILSA PINTO',0,1,'andres felipe  arango alvarez',1,NULL,NULL,NULL,70000,'16-09-2024 10:06 PM','17-09-2024 02:06 PM','General',70000,84000,-14000,0,14000,14000,0,0,NULL,NULL,NULL,NULL,NULL,NULL,NULL,NULL,NULL,NULL,NULL),(210,223,71,335,243,'',0,21,'JAVIER ANDRES LOBO PEREZ',3,'ETICOS SERRANO GOMEZ LTDA',892300678,'RECEPCIONBARRANQUILLA@ETICOS.COM',96000,'16-09-2024 11:20 PM','18-09-2024 08:32 PM','General',288000,91000,192000,5000,0,0,0,192000,161344,30655,0,0,192000,192000,0,0,192000,NULL,NULL),(211,230,199,326,257,'ENILSA PINTO',86,4,'KONIER KENER MOJICA PIMIENTA',2,'MOJICA PIMIENTA KONIER KENER',1054571476,'koniermojicapimienta@gmail.com',70000,'17-09-2024 11:23 AM','18-09-2024 08:39 PM','General',140000,70000,70000,0,0,0,0,70000,58823,11176,0,0,70000,70000,0,0,70000,NULL,NULL),(212,215,193,324,245,'',86,2,'JORGE PARRA',3,'DELTEC S.A',800166199,'LUZGARCIA@DELTEC.COM.CO',70000,'16-09-2024 10:21 PM','18-09-2024 09:48 PM','General',210000,70000,140000,0,0,0,0,140000,117647,22352,0,0,140000,0,0,140000,0,NULL,NULL),(213,232,48,329,261,'',87,8,'RUBEN MEJIA',5,'fvgvrg',1128455998,'2222',85000,'19-09-2024 12:57 AM','23-09-2024 03:56 PM','General',425000,167500,252500,5000,8500,2500,0,263500,221428,42071,0,0,263500,200000,63500,0,263500,NULL,NULL),(214,234,50,331,0,'alexander nieves romero',87,9,'DIOMAR PEÑARALDA',4,'DIOMAR PEÑARALDA',1003250407,'222',70000,'20-09-2024 03:00 PM','23-09-2024 04:09 PM','General',280000,0,280000,0,21000,0,0,301000,252941,48058,0,0,301000,150000,151000,0,301000,NULL,NULL),(215,239,38,348,264,'alexander nieves romero',88,33,'carlos  puentes diz',1,'carlos puentes diz',1047482949,'carlos@hotmail.com',90000,'01-10-2024 01:29 PM','01-10-2024 02:10 PM','General',90000,90000,0,0,18000,0,0,18000,15126,2873,0,0,18000,18000,0,0,18000,160,'Turno 1 01/10/2024'),(216,235,38,335,0,'',0,21,'carlos  puentes diz',9,'carlos puentes diz',1047482949,'carlos@hotmail.com',96000,'24-09-2024 07:06 PM','03-10-2024 02:31 PM','Administrativo',864000,0,864000,0,9600,0,0,873600,0,0,0,0,0,0,0,0,0,0,'jLabel1'),(217,240,49,331,0,'alexander nieves romero',89,9,'JHON LUNA',1,'cdsccd',8788345,'gdfg',70000,'03-10-2024 03:42 PM','04-10-2024 02:45 PM','General',70000,0,70000,0,7000,0,0,70000,0,0,0,0,0,0,0,0,0,161,'Turno 1 04/10/2024'),(218,241,49,329,0,'alexander nieves romero',89,8,'JHON LUNA',1,'cdsccd',8788345,'gdfg',85000,'03-10-2024 04:13 PM','04-10-2024 02:45 PM','General',85000,0,85000,0,8500,0,0,85000,0,0,0,0,0,0,0,0,0,161,'Turno 1 04/10/2024'),(219,242,49,345,0,'alexander nieves romero',89,211,'JHON LUNA',1,'cdsccd',8788345,'gdfg',140000,'03-10-2024 09:48 PM','04-10-2024 02:46 PM','General',140000,0,140000,0,14000,0,0,140000,0,0,0,0,0,0,0,0,0,161,'Turno 1 04/10/2024'),(220,238,47,325,263,'alexander nieves romero',89,3,'ARMANDO DE JESUS MERCADO YEPEZ',7,'ARMANDO DE JESUS MERCADO YEPEZ',72229162,'gbbghyh.com',70000,'27-09-2024 08:58 AM','04-10-2024 02:46 PM','General',490000,70000,420000,0,7000,0,0,420000,0,0,0,0,0,0,0,0,0,161,'Turno 1 04/10/2024'),(221,229,201,356,255,'alexander nieves romero',89,311,'KEINER HANSELL GOMEZ CONTRERA',17,'GOMEZ CONTRERA KEINER HANSELL',1065612457,'KEINERGOMEZ45@GMAIL.COM',90000,'17-09-2024 11:12 AM','04-10-2024 02:46 PM','General',1530000,90000,1440000,0,9000,0,0,1440000,0,0,0,0,0,0,0,0,0,161,'Turno 1 04/10/2024'),(222,237,47,350,0,'alexander nieves romero',89,35,'ARMANDO DE JESUS MERCADO YEPEZ',10,'ARMANDO DE JESUS MERCADO YEPEZ',72229162,'gbbghyh.com',90000,'24-09-2024 04:18 PM','04-10-2024 02:47 PM','General',900000,0,900000,0,9000,0,0,900000,0,0,0,0,0,0,0,0,0,161,'Turno 1 04/10/2024'),(223,244,106,334,0,'alexander nieves romero',89,12,'JUAN CARLOS PRADA MORALES',1,'JUAN CARLOS PRADA MORALES',91508048,'2222',70000,'04-10-2024 02:43 PM','04-10-2024 03:57 PM','General',70000,0,70000,0,0,0,0,70000,0,0,0,0,0,0,0,0,0,161,'Turno 1 04/10/2024'),(224,228,200,356,256,'alexander nieves romero',89,311,'FABIAN HUMBERTO SALAMANCA JIMENEZ',1,'SALAMANCA JIMENEZ FABIAN HUMBERTO',1049626361,'INGSALAMANCAJIMENEZ@GMAIL.COM',90000,'04-10-2024 02:47 PM','04-10-2024 03:58 PM','General',90000,0,90000,0,0,0,1440000,90000,0,0,0,0,0,0,0,0,0,161,'Turno 1 04/10/2024'),(225,236,49,351,262,'alexander nieves romero',89,36,'JHON LUNA',12,'cdsccd',8788345,'gdfg',95000,'23-09-2024 10:38 AM','04-10-2024 03:58 PM','General',1140000,285000,855000,0,0,0,0,855000,0,0,0,0,0,0,0,0,0,161,'Turno 1 04/10/2024'),(226,200,179,344,275,'',89,210,'MAURICIO  RAEL ',60,'22222',2222,'22222',70000,'14-09-2024 05:31 AM','12-11-2024 02:33 PM','General',4200000,70000,4130000,0,21000,0,0,4151000,3488235,662764,122088,139529,4151000,4151000,0,0,4151000,161,'jLabel1'),(227,242,49,335,0,'empleado',89,21,'JHON LUNA',34,'cdsccd',8788345,'gdfg',96000,'09-10-2024 05:40 PM','12-11-2024 02:41 PM','General',3264000,0,3264000,0,28800,0,840000,4132800,3472941,659858,121552,138917,3872400,3872400,3872400,3872400,11617200,161,'turnos'),(228,212,88,341,0,'empleado',89,27,'ALVARO  JIMENEZ',19,'CARTAGENA',92028273,'0',96000,'24-10-2024 11:05 PM','12-11-2024 02:48 PM','General',1824000,0,1824000,0,28800,0,0,1852800,1556974,295825,0,0,1852800,1852800,0,0,1852800,161,'turnos'),(229,247,47,332,276,'empleado',90,10,'ARMANDO DE JESUS MERCADO YEPEZ',2,'ARMANDO DE JESUS MERCADO YEPEZ',72229162,'gbbghyh.com',96000,'12-11-2024 03:47 PM','14-11-2024 12:40 PM','General',192000,96000,96000,0,9600,0,0,105600,0,0,0,0,0,0,0,0,0,162,'turnos');
/*!40000 ALTER TABLE `salida` ENABLE KEYS */;
UNLOCK TABLES;

--
-- Table structure for table `salidaacompañantes`
--

DROP TABLE IF EXISTS `salidaacompañantes`;
/*!40101 SET @saved_cs_client     = @@character_set_client */;
/*!50503 SET character_set_client = utf8mb4 */;
CREATE TABLE `salidaacompañantes` (
  `idsalidaAcompañantes` int NOT NULL AUTO_INCREMENT,
  `idacompañante` int DEFAULT NULL,
  `idcliente` int DEFAULT NULL,
  `nombre_apellido` varchar(100) DEFAULT NULL,
  `tipo_documento` varchar(100) DEFAULT NULL,
  `documento` int DEFAULT NULL,
  `parentesco` varchar(45) DEFAULT NULL,
  `num_habitacion` int DEFAULT NULL,
  `checkin` varchar(45) DEFAULT NULL,
  `checkoup` varchar(45) DEFAULT NULL,
  `num_huesped_principal` int DEFAULT NULL,
  `ciudad_de_residencia` varchar(45) DEFAULT NULL,
  `ciudad_de_procedencia` varchar(45) DEFAULT NULL,
  PRIMARY KEY (`idsalidaAcompañantes`)
) ENGINE=InnoDB AUTO_INCREMENT=16 DEFAULT CHARSET=utf8mb4 COLLATE=utf8mb4_0900_ai_ci;
/*!40101 SET character_set_client = @saved_cs_client */;

--
-- Dumping data for table `salidaacompañantes`
--

LOCK TABLES `salidaacompañantes` WRITE;
/*!40000 ALTER TABLE `salidaacompañantes` DISABLE KEYS */;
INSERT INTO `salidaacompañantes` VALUES (13,22,47,'jesu','Cedula de ciudadania',123456,'Compeñero de Trabajo',1,'2024-08-13','13-08-2024',72229162,'c','c'),(14,43,88,'JOSE RAFAEL ACOSTA PEREZ','Cedula de ciudadania',3839112,'Compeñero de Trabajo',10,'2024-09-15','16-09-2024',92028273,' Sucre - Sucre ',' Sucre - Sucre '),(15,43,88,'JOSE RAFAEL ACOSTA PEREZ','Cedula de ciudadania',3839112,'Compeñero de Trabajo',10,'2024-09-15','16-09-2024',92028273,' Sucre - Sucre ',' Sucre - Sucre ');
/*!40000 ALTER TABLE `salidaacompañantes` ENABLE KEYS */;
UNLOCK TABLES;

--
-- Table structure for table `salidaturno`
--

DROP TABLE IF EXISTS `salidaturno`;
/*!40101 SET @saved_cs_client     = @@character_set_client */;
/*!50503 SET character_set_client = utf8mb4 */;
CREATE TABLE `salidaturno` (
  `idsalidaturno` int NOT NULL AUTO_INCREMENT,
  `idabonos` int NOT NULL,
  `idempleado` int NOT NULL,
  `empleado` varchar(45) NOT NULL,
  `idhabitacion` int NOT NULL,
  `turno` varchar(45) NOT NULL,
  `fecha_hora_inicio` varchar(45) NOT NULL,
  `fecha_hora_salida` varchar(45) NOT NULL,
  `habitaciones_ocupadas` int NOT NULL,
  `total_recibos` int NOT NULL,
  `base` int NOT NULL,
  `tarjetas` int NOT NULL,
  `efectivo` int NOT NULL,
  `transferencias` int NOT NULL,
  `totalhabitaciones` decimal(10,0) NOT NULL,
  `total_abonos` int NOT NULL,
  `otros_ingresos` int NOT NULL,
  `total_recaudo` int NOT NULL,
  `entrega_admon` int NOT NULL,
  `total_efectivo` int NOT NULL,
  `observaciones` varchar(100) DEFAULT NULL,
  `numero_turno` int NOT NULL,
  PRIMARY KEY (`idsalidaturno`)
) ENGINE=InnoDB AUTO_INCREMENT=191 DEFAULT CHARSET=utf8mb3;
/*!40101 SET character_set_client = @saved_cs_client */;

--
-- Dumping data for table `salidaturno`
--

LOCK TABLES `salidaturno` WRITE;
/*!40000 ALTER TABLE `salidaturno` DISABLE KEYS */;
INSERT INTO `salidaturno` VALUES (100,0,0,'alexander nieves romero',0,'Turno 1 10/08/2024','10-08-2024 10:54 AM','10-08-2024 11:11 AM',0,0,0,0,78540,0,0,0,0,78540,78540,0,'',1),(101,0,0,'alexander nieves romero',0,'Turno 1 11/08/2024','10-08-2024 12:23 PM','11-08-2024 10:54 PM',0,0,0,22848,0,0,0,40000,0,62848,0,0,'no',2),(102,0,0,'alexander nieves romero',0,'Turno 1 13/08/2024','13-08-2024 08:49 AM','13-08-2024 04:10 PM',2,0,0,0,0,0,130000,10000,0,10000,0,0,'',3),(103,0,0,'YINA MARCELA  AYALA',0,'Turno 1 13/08/2024','13-08-2024 04:22 PM','13-08-2024 04:50 PM',2,0,0,0,0,0,130000,0,0,0,0,0,'',7),(104,0,0,'YINA MARCELA  AYALA',0,'Turno 1 15/08/2024','13-08-2024 04:50 PM','15-08-2024 03:21 PM',3,0,0,0,0,0,226000,10000,0,10000,0,0,'',8),(105,0,0,'DARLYS VALDES',0,'Turno 2 15/08/2024','15-08-2024 03:23 PM','15-08-2024 03:30 PM',3,0,0,0,0,0,226000,0,0,0,0,0,'',9),(106,0,0,'NOVERLIS ARIAS',0,'Turno 2 15/08/2024','15-08-2024 03:30 PM','15-08-2024 03:31 PM',3,0,0,0,0,0,226000,0,0,0,0,0,'',10),(107,0,0,'MARELVIS BELTRAN',0,'Turno 2 15/08/2024','15-08-2024 03:34 PM','15-08-2024 04:07 PM',3,0,0,0,0,0,226000,0,0,0,0,0,'',11),(108,0,0,'ENILSA PINTO',0,'Turno 2 15/08/2024','15-08-2024 04:07 PM','15-08-2024 04:08 PM',3,0,0,0,0,0,226000,0,0,0,0,0,'',12),(109,0,0,'ENILSA PINTO',0,'Turno 2 15/08/2024','15-08-2024 04:08 PM','15-08-2024 04:17 PM',3,0,0,0,0,0,226000,0,0,0,0,0,'',13),(110,0,0,'nombres apellidos',0,'Turno 2 15/08/2024','15-08-2024 04:17 PM','15-08-2024 04:19 PM',3,0,0,0,0,0,226000,0,0,0,0,0,'',14),(111,0,0,'alexander nieves romero',0,'Turno 1 15/08/2024','15-08-2024 04:19 PM','15-08-2024 04:21 PM',3,0,0,0,0,0,226000,0,0,0,0,0,'',15),(112,0,0,'alexander nieves romero',0,'Turno 2 15/08/2024','15-08-2024 04:21 PM','15-08-2024 04:21 PM',3,0,0,0,0,0,226000,0,0,0,0,0,'',16),(113,0,0,'DARLYS VALDES',0,'Turno 2 15/08/2024','15-08-2024 04:22 PM','15-08-2024 04:36 PM',3,0,0,0,0,0,226000,0,0,0,0,0,'',17),(114,0,0,'DARLYS VALDES',0,'Turno 2 15/08/2024','15-08-2024 04:22 PM','15-08-2024 04:39 PM',3,0,0,0,0,0,226000,0,0,0,0,0,'',17),(115,0,0,'alexander nieves romero',0,'Turno 2 15/08/2024','15-08-2024 04:39 PM','15-08-2024 04:43 PM',3,0,0,0,0,0,226000,0,0,0,0,0,'',18),(116,0,0,'alexander nieves romero',0,'Turno 2 15/08/2024','15-08-2024 04:43 PM','15-08-2024 04:49 PM',3,0,0,0,0,0,226000,0,0,0,0,0,'',19),(117,0,0,'alexander nieves romero',0,'Turno 1 15/08/2024','15-08-2024 04:50 PM','15-08-2024 04:55 PM',3,0,0,0,0,0,226000,0,0,0,0,0,'',20),(118,0,0,'alexander nieves romero',0,'Turno 2 15/08/2024','15-08-2024 04:56 PM','15-08-2024 05:03 PM',3,0,0,0,0,0,226000,0,0,0,0,0,'',21),(119,0,0,'alexander nieves romero',0,'Turno 1 15/08/2024','15-08-2024 05:03 PM','15-08-2024 05:09 PM',3,0,0,0,0,0,226000,0,0,0,0,0,'',22),(120,0,0,'DARLYS VALDES',0,'Turno 2 15/08/2024','15-08-2024 05:09 PM','15-08-2024 05:15 PM',3,0,0,0,0,0,226000,0,0,0,0,0,'',23),(121,0,0,'NOVERLIS ARIAS',0,'Turno 2 15/08/2024','15-08-2024 05:16 PM','15-08-2024 05:33 PM',3,0,0,0,0,0,226000,0,0,0,0,0,'',24),(122,0,0,'DARLYS VALDES',0,'Turno 1 15/08/2024','15-08-2024 05:34 PM','15-08-2024 05:39 PM',3,0,0,0,0,0,226000,0,0,0,0,0,'',25),(123,0,0,'alexander nieves romero',0,'Turno 1 26/08/2024','15-08-2024 05:40 PM','26-08-2024 03:05 PM',6,0,0,146370,769930,0,576000,0,0,916300,769930,0,'',26),(124,0,0,'nombres apellidos',0,'Turno 1 28/08/2024','26-08-2024 03:12 PM','28-08-2024 12:51 PM',5,0,0,0,490000,0,480000,0,0,490000,490000,0,'',27),(125,0,0,'alexander nieves romero',0,'Turno 1 29/08/2024','28-08-2024 09:26 PM','29-08-2024 02:50 PM',0,0,0,350000,0,0,0,0,0,350000,0,0,'',28),(126,0,0,'NOVERLIS ARIAS',0,'Turno 1 30/08/2024','29-08-2024 02:53 PM','30-08-2024 01:10 PM',14,0,0,85000,906000,70000,1268000,0,0,1061000,906000,0,'',29),(127,0,0,'DARLYS VALDES',0,'Turno 3 30/08/2024','30-08-2024 02:06 PM','30-08-2024 02:29 PM',17,0,0,0,187000,70000,1530000,0,0,257000,187000,0,'',30),(128,0,0,'ENILSA PINTO',0,'Turno 1 30/08/2024','30-08-2024 02:29 PM','30-08-2024 02:54 PM',13,0,0,0,256000,0,1189000,0,0,256000,256000,0,'',31),(129,0,0,'YINA MARCELA  AYALA',0,'Turno 2 30/08/2024','30-08-2024 03:22 PM','30-08-2024 04:37 PM',14,0,0,0,516000,407818,1259000,923818,0,923818,516000,0,'',32),(130,0,0,'DARLYS VALDES',0,'Turno 1 31/08/2024','30-08-2024 08:52 PM','31-08-2024 10:51 AM',17,0,0,350000,61000,70000,1515000,481000,0,481000,61000,0,'',33),(131,0,0,'ANA MARCELA DIAZ',0,'Turno 1 31/08/2024','31-08-2024 11:26 AM','31-08-2024 12:24 PM',8,0,0,0,416000,0,737000,416000,0,416000,416000,0,'',34),(132,0,0,'YINA MARCELA  AYALA',0,'Turno 2 31/08/2024','31-08-2024 01:50 PM','31-08-2024 08:08 PM',9,0,0,95000,90000,70000,852000,255000,0,255000,90000,0,'',35),(133,0,0,'DARLYS VALDES',0,'Turno 1 01/09/2024','31-08-2024 08:59 PM','01-09-2024 03:08 AM',10,0,0,0,70000,0,922000,70000,0,70000,70000,0,'',36),(134,0,0,'MARELVIS BELTRAN',0,'Turno 1 01/09/2024','01-09-2024 06:31 AM','01-09-2024 12:16 PM',6,0,0,230000,0,0,571000,230000,0,230000,0,0,'',37),(135,0,0,'ANA MARCELA DIAZ',0,'Turno 2 01/09/2024','01-09-2024 01:52 PM','01-09-2024 05:34 PM',7,0,0,0,70000,0,641000,70000,0,70000,70000,0,'',38),(136,0,0,'ANA MARCELA DIAZ',0,'Turno 2 01/09/2024','01-09-2024 01:52 PM','01-09-2024 05:34 PM',8,0,0,0,230000,0,711000,230000,0,230000,230000,0,'',38),(137,0,0,'nombres apellidos',0,'Turno 1 02/09/2024','01-09-2024 09:09 PM','02-09-2024 06:55 AM',8,0,0,35000,290000,96000,717000,421000,0,421000,290000,0,'',39),(138,0,0,'YINA MARCELA  AYALA',0,'Turno 1 02/09/2024','02-09-2024 06:59 AM','02-09-2024 07:06 AM',4,0,0,90000,0,0,385000,90000,0,90000,0,0,'',40),(139,0,0,'ANA MARCELA DIAZ',0,'Turno 2 02/09/2024','02-09-2024 01:46 PM','02-09-2024 07:20 PM',8,0,0,70000,280000,0,665000,350000,0,350000,280000,0,'',41),(140,0,0,'ENILSA PINTO',0,'Turno 1 03/09/2024','02-09-2024 08:46 PM','03-09-2024 12:24 AM',10,0,0,90000,91000,0,851000,181000,0,181000,91000,0,'',42),(141,0,0,'YINA MARCELA  AYALA',0,'Turno 1 03/09/2024','03-09-2024 05:53 AM','03-09-2024 02:03 PM',5,0,0,0,0,0,461000,0,0,0,0,0,'',43),(142,0,0,'DARLYS VALDES',0,'Turno 2 03/09/2024','03-09-2024 02:03 PM','03-09-2024 09:56 PM',9,0,0,70000,466000,0,787000,536000,0,536000,466000,0,'',44),(144,0,0,'ENILSA PINTO',0,'Turno 1 04/09/2024','03-09-2024 11:27 PM','04-09-2024 08:32 AM',13,0,0,465000,397000,0,1151000,862000,0,862000,397000,0,'',45),(145,0,0,'ANA MARCELA DIAZ',0,'Turno 1 04/09/2024','04-09-2024 06:28 AM','04-09-2024 01:32 PM',11,0,0,70000,70000,0,959000,140000,0,140000,70000,0,'',46),(146,0,0,'DARLYS VALDES',0,'Turno 2 04/09/2024','04-09-2024 01:56 PM','04-09-2024 11:43 PM',16,0,0,165000,350000,0,1386000,515000,0,515000,350000,0,'',47),(147,0,0,'ENILSA PINTO',0,'Turno 1 05/09/2024','04-09-2024 11:45 PM','05-09-2024 06:26 AM',19,0,0,70000,367000,0,1662000,437000,0,437000,367000,0,'',48),(148,0,0,'ANA MARCELA DIAZ',0,'Turno 1 05/09/2024','05-09-2024 06:38 AM','05-09-2024 12:52 PM',11,0,0,70000,140000,0,933000,210000,0,210000,140000,0,'',49),(149,0,0,'NOVERLIS ARIAS',0,'Turno 2 05/09/2024','05-09-2024 01:21 PM','05-09-2024 09:57 PM',13,0,0,756000,70000,0,1125000,826000,0,826000,70000,0,'',50),(150,0,0,'ENILSA PINTO',0,'Turno 1 06/09/2024','05-09-2024 09:57 PM','06-09-2024 06:02 AM',13,0,0,91000,210000,0,1125000,301000,0,301000,210000,0,'',51),(151,0,0,'ANA MARCELA DIAZ',0,'Turno 1 06/09/2024','06-09-2024 06:03 AM','06-09-2024 11:47 AM',10,0,0,0,135000,0,889000,135000,0,135000,135000,0,'',52),(152,0,0,'YINA MARCELA  AYALA',0,'Turno 2 06/09/2024','06-09-2024 01:54 PM','06-09-2024 04:28 PM',13,0,0,533000,0,70000,1199000,603000,0,603000,0,0,'',53),(153,0,0,'MARELVIS BELTRAN',0,'Turno 1 07/09/2024','06-09-2024 08:34 PM','07-09-2024 02:43 AM',13,0,0,0,239000,0,1199000,239000,0,239000,239000,0,'',54),(154,0,0,'ANA MARCELA DIAZ',0,'Turno 1 07/09/2024','07-09-2024 06:07 AM','07-09-2024 11:00 AM',10,0,0,96000,135000,0,938000,231000,0,231000,135000,0,'',55),(155,0,0,'ENILSA PINTO',0,'Turno 2 07/09/2024','07-09-2024 02:04 PM','07-09-2024 02:11 PM',10,0,0,70000,180000,0,932000,250000,0,250000,180000,0,'',56),(156,0,0,'MARELVIS BELTRAN',0,'Turno 1 08/09/2024','07-09-2024 09:06 PM','08-09-2024 06:30 AM',14,0,0,95000,460000,0,1303000,555000,0,555000,460000,0,'',57),(157,0,0,'ANA MARCELA DIAZ',0,'Turno 1 08/09/2024','08-09-2024 06:42 AM','08-09-2024 01:51 PM',7,0,0,113500,78500,70000,647000,262000,0,262000,78500,0,'',58),(158,0,0,'ENILSA PINTO',0,'Turno 2 08/09/2024','08-09-2024 01:51 PM','08-09-2024 01:51 PM',8,0,0,70000,70000,0,717000,140000,0,140000,70000,0,'',59),(159,0,0,'MARELVIS BELTRAN',0,'Turno 1 09/09/2024','08-09-2024 08:36 PM','09-09-2024 06:02 AM',9,0,0,0,0,96000,813000,96000,0,96000,0,0,'',60),(160,0,0,'ANA MARCELA DIAZ',0,'Turno 1 09/09/2024','09-09-2024 06:03 AM','09-09-2024 06:02 AM',6,0,0,96000,0,0,557000,96000,0,96000,0,0,'',61),(161,0,0,'YINA MARCELA  AYALA',0,'Turno 2 09/09/2024','09-09-2024 01:44 PM','09-09-2024 08:28 PM',9,0,0,243500,292500,0,792000,536000,0,536000,292500,0,'',62),(162,0,0,'MARELVIS BELTRAN',0,'Turno 1 10/09/2024','09-09-2024 08:56 PM','10-09-2024 05:18 AM',11,0,0,0,95000,0,973000,95000,0,95000,95000,0,'',63),(163,0,0,'MARELVIS BELTRAN',0,'Turno 1 10/09/2024','09-09-2024 08:56 PM','10-09-2024 11:08 AM',9,0,0,161000,95000,0,818000,256000,0,256000,95000,0,'',63),(164,0,0,'DARLYS VALDES',0,'Turno 1 10/09/2024','10-09-2024 08:22 AM','10-09-2024 11:08 AM',9,0,0,0,0,0,818000,0,0,0,0,0,'',64),(165,0,0,'YINA MARCELA  AYALA',0,'Turno 2 10/09/2024','10-09-2024 02:05 PM','10-09-2024 04:07 PM',12,0,0,237200,396000,90000,1022000,723200,0,723200,396000,0,'',65),(166,0,0,'KEILY JOHANA LOPEZ',0,'Turno 1 11/09/2024','10-09-2024 08:57 PM','11-09-2024 05:54 AM',13,0,0,0,70000,0,1118000,70000,0,70000,70000,0,'',66),(167,0,0,'ANA MARCELA DIAZ',0,'Turno 1 11/09/2024','11-09-2024 05:54 AM','11-09-2024 05:54 AM',6,0,0,0,0,0,602000,0,0,0,0,0,'',67),(168,0,0,'MARELVIS BELTRAN',0,'Turno 2 11/09/2024','11-09-2024 01:54 PM','11-09-2024 04:24 PM',15,0,0,448000,320000,145000,1347000,913000,0,913000,320000,0,'',68),(169,0,0,'KEILY JOHANA LOPEZ',0,'Turno 3 11/09/2024','11-09-2024 08:54 PM','11-09-2024 04:24 PM',15,0,0,0,181000,0,1367000,181000,0,181000,181000,0,'',69),(170,0,0,'ANA MARCELA DIAZ',0,'Turno 3 11/09/2024','12-09-2024 05:52 AM','11-09-2024 04:24 PM',6,0,0,0,0,0,577000,0,0,0,0,0,'',70),(171,0,0,'DARLYS VALDES',0,'Turno 2 12/09/2024','12-09-2024 01:50 PM','12-09-2024 09:14 PM',8,0,0,140000,140000,0,717000,280000,0,280000,140000,0,'',71),(172,0,0,'KEILY JOHANA LOPEZ',0,'Turno 1 13/09/2024','12-09-2024 09:14 PM','13-09-2024 06:30 AM',11,0,0,165000,186000,0,977000,351000,0,351000,186000,0,'',72),(173,0,0,'ANA MARCELA DIAZ',0,'Turno 1 13/09/2024','13-09-2024 06:40 AM','13-09-2024 01:24 PM',6,0,0,90000,238500,364000,603000,692500,0,692500,238500,0,'',73),(174,0,0,'DARLYS VALDES',0,'Turno 2 13/09/2024','13-09-2024 01:51 PM','13-09-2024 09:29 PM',16,0,0,210000,605000,0,1490000,815000,0,815000,605000,0,'',74),(175,0,0,'KEILY JOHANA LOPEZ',0,'Turno 3 14/09/2024','14-09-2024 02:41 AM','14-09-2024 06:17 AM',20,0,0,235000,163500,95000,1872000,493500,0,493500,163500,0,'',75),(176,0,0,'ANA MARCELA DIAZ',0,'Turno 1 14/09/2024','14-09-2024 06:17 AM','14-09-2024 06:58 AM',7,0,0,95000,90000,90000,691000,275000,0,275000,90000,0,'',76),(177,0,0,'DARLYS VALDES',0,'Turno 2 14/09/2024','14-09-2024 01:54 PM','14-09-2024 09:03 PM',10,0,0,0,305500,0,921000,305500,0,305500,305500,0,'',77),(178,0,0,'YINA MARCELA  AYALA',0,'Turno 3 14/09/2024','14-09-2024 09:03 PM','14-09-2024 09:03 PM',12,0,0,90000,165000,0,1080000,255000,0,255000,165000,0,'',78),(179,0,0,'NOVERLIS ARIAS',0,'Turno 1 15/09/2024','15-09-2024 05:04 AM','15-09-2024 02:19 PM',3,0,0,0,9500,0,340000,9500,0,9500,9500,0,'',79),(180,0,0,'DARLYS VALDES',0,'Turno 2 15/09/2024','15-09-2024 02:19 PM','15-09-2024 08:58 PM',6,0,0,155000,201500,0,591000,356500,0,356500,201500,0,'',80),(181,0,0,'YINA MARCELA  AYALA',0,'Turno 3 15/09/2024','15-09-2024 08:59 PM','15-09-2024 08:58 PM',7,0,0,96000,90000,0,681000,186000,0,186000,90000,0,'',81),(182,0,0,'ANA MARCELA DIAZ',0,'Turno 3 15/09/2024','16-09-2024 05:28 AM','15-09-2024 08:58 PM',2,0,0,0,0,0,250000,0,0,0,0,0,'',82),(183,0,0,'ENILSA PINTO',0,'Turno 2 16/09/2024','16-09-2024 01:46 PM','16-09-2024 09:25 PM',10,0,0,0,0,0,820000,0,0,0,0,0,'',83),(184,0,0,'YINA MARCELA  AYALA',0,'Turno 3 16/09/2024','16-09-2024 11:20 PM','16-09-2024 09:25 PM',14,0,0,97000,264000,0,1186000,361000,0,361000,264000,0,'',84),(185,0,0,'ENILSA PINTO',0,'Turno 1 17/09/2024','16-09-2024 01:46 PM','17-09-2024 08:28 AM',9,0,0,155000,639500,70000,816000,864500,0,864500,639500,0,'',83),(186,0,0,'ANA MARCELA DIAZ',0,'Turno 1 17/09/2024','17-09-2024 05:54 AM','17-09-2024 11:05 AM',8,0,0,200000,50000,0,711000,250000,0,250000,50000,0,'',85),(187,0,0,'ENILSA PINTO',0,'Turno 1 19/09/2024','17-09-2024 01:42 PM','19-09-2024 08:52 PM',4,0,0,0,84000,140000,405000,14000,0,224000,84000,0,'',86),(188,0,0,'alexander nieves romero',0,'Turno 1 30/09/2024','19-09-2024 08:56 PM','30-09-2024 08:22 AM',8,0,0,352000,655000,80000,782000,522500,0,1087000,655000,0,'',87),(189,0,0,'alexander nieves romero',0,'Turno 1 01/10/2024','01-10-2024 09:39 AM','01-10-2024 02:59 PM',8,0,0,90000,18000,0,782000,90000,0,108000,18000,0,'',88),(190,0,0,'alexander nieves romero',0,'Turno 1 12/11/2024','03-10-2024 03:42 PM','12-11-2024 03:37 PM',5,0,0,3942400,9876200,3872400,450000,70000,0,17691000,9876200,0,'',89);
/*!40000 ALTER TABLE `salidaturno` ENABLE KEYS */;
UNLOCK TABLES;

--
-- Table structure for table `vehiculo`
--

DROP TABLE IF EXISTS `vehiculo`;
/*!40101 SET @saved_cs_client     = @@character_set_client */;
/*!50503 SET character_set_client = utf8mb4 */;
CREATE TABLE `vehiculo` (
  `idvehiculo` int NOT NULL AUTO_INCREMENT,
  `placa` varchar(8) NOT NULL,
  `modelo` varchar(10) NOT NULL,
  `tipo_vahiculo` varchar(45) NOT NULL,
  PRIMARY KEY (`idvehiculo`),
  CONSTRAINT `fk_vehiculo_cliente` FOREIGN KEY (`idvehiculo`) REFERENCES `cliente` (`idcliente`)
) ENGINE=InnoDB DEFAULT CHARSET=utf8mb3;
/*!40101 SET character_set_client = @saved_cs_client */;

--
-- Dumping data for table `vehiculo`
--

LOCK TABLES `vehiculo` WRITE;
/*!40000 ALTER TABLE `vehiculo` DISABLE KEYS */;
/*!40000 ALTER TABLE `vehiculo` ENABLE KEYS */;
UNLOCK TABLES;
/*!40103 SET TIME_ZONE=@OLD_TIME_ZONE */;

/*!40101 SET SQL_MODE=@OLD_SQL_MODE */;
/*!40014 SET FOREIGN_KEY_CHECKS=@OLD_FOREIGN_KEY_CHECKS */;
/*!40014 SET UNIQUE_CHECKS=@OLD_UNIQUE_CHECKS */;
/*!40101 SET CHARACTER_SET_CLIENT=@OLD_CHARACTER_SET_CLIENT */;
/*!40101 SET CHARACTER_SET_RESULTS=@OLD_CHARACTER_SET_RESULTS */;
/*!40101 SET COLLATION_CONNECTION=@OLD_COLLATION_CONNECTION */;
/*!40111 SET SQL_NOTES=@OLD_SQL_NOTES */;

-- Dump completed on 2024-11-17  9:51:56
